date,debt,color,stocks,restaurant,portfolio,inflation,housing,dow jones,revenue,economics,credit,markets,return,unemployment,money,religion,cancer,growth,investment,hedge,marriage,bonds,derivatives,headlines,profit,society,leverage,loss,cash,office,fine,stock,market,banking,crisis,happy,car,nasdaq,gains,finance,sell,invest,fed,house,metals,travel,returns,gain,default,present,holiday,water,rich,risk,gold,success,oil,war,economy,DOW JONES,chance,short,lifestyle,greed,food,financial,movie,nyse,ore,BUY AND HOLD,opportunity,health,selling,earnings,arts,culture,bubble,buy,trader,rare,earths,tourism,politics,energy,consume,consumption,freedom,dividend,world,conflict,kitchen,forex,home,crash,transaction,garden,fond,train,labor,fun,environment,ring
2015-12-06,1,7,1,8,0,0,2,0,1,1,16,0,3,1,7,2,4,1,1,0,2,1,0,0,1,3,0,2,3,14,1,6,7,2,1,7,17,0,0,3,2,0,1,17,0,4,1,1,1,1,7,12,1,1,7,1,8,7,1,0,1,5,0,0,13,3,28,0,0,0,0,11,1,0,2,1,1,17,1,1,0,0,1,5,0,0,1,0,16,1,4,0,26,1,0,4,0,4,2,3,1,4
2015-12-13,1,7,1,8,0,0,2,1,1,1,16,0,3,1,7,1,4,1,1,0,1,1,0,0,1,2,0,2,3,15,1,6,7,2,1,7,18,0,0,3,3,0,1,18,0,4,1,1,1,1,8,12,1,1,7,1,8,7,1,1,1,5,0,0,14,3,33,0,0,0,0,11,1,0,2,1,1,19,1,1,0,0,1,5,0,0,1,0,16,0,4,0,25,1,0,5,0,4,2,3,1,4
2015-12-20,1,6,1,9,0,0,1,0,0,0,15,0,3,1,7,1,4,1,1,0,1,0,0,0,0,2,0,2,3,13,1,5,8,2,0,8,18,0,0,2,3,0,1,18,0,4,1,1,1,1,12,11,1,1,7,1,8,5,0,0,1,6,0,0,15,2,44,0,0,0,0,7,1,0,1,1,1,23,1,1,0,0,0,3,0,0,1,0,15,0,4,0,26,2,0,5,0,5,1,3,0,4
2015-12-27,1,7,1,11,0,0,2,0,0,0,17,0,3,2,7,1,4,1,1,0,2,0,0,0,0,2,0,3,3,13,1,5,7,2,0,14,19,0,0,2,3,0,1,20,0,4,1,1,1,0,6,13,1,1,7,1,9,5,0,0,1,6,0,0,15,3,45,0,0,0,0,8,1,0,1,1,1,18,1,1,0,0,0,3,0,0,1,0,16,0,5,0,30,1,0,6,0,4,1,3,0,4
2016-01-03,1,7,1,10,0,0,2,1,1,0,17,0,3,2,8,1,4,1,1,0,2,1,0,0,1,2,0,3,3,15,1,8,7,2,0,6,19,0,0,3,3,0,1,19,0,4,1,1,1,1,3,13,1,1,7,1,9,6,1,1,1,6,0,0,15,4,32,0,0,0,0,11,1,0,2,1,1,16,1,1,0,0,0,4,0,0,1,0,15,0,4,0,28,1,0,5,0,4,2,3,0,3
2016-01-10,1,7,1,10,0,0,2,1,1,1,15,0,3,2,8,1,6,1,1,0,2,1,0,0,1,2,0,3,4,14,1,8,7,2,1,6,20,0,0,3,3,0,1,19,0,4,1,1,1,1,2,13,1,1,6,1,10,6,1,1,1,5,0,0,14,3,30,0,0,0,0,11,1,0,2,1,1,15,1,1,0,0,1,5,0,0,1,0,15,0,4,0,26,2,0,5,0,3,2,3,1,3
2016-01-17,1,7,1,10,0,0,2,1,1,1,16,1,3,2,8,1,5,1,1,0,2,1,0,0,1,2,0,3,3,14,1,8,7,2,1,6,19,0,0,3,3,0,1,19,0,4,1,1,1,1,3,15,1,1,6,1,10,6,1,1,1,5,0,0,14,3,32,0,0,0,0,11,1,0,2,1,1,13,1,1,0,0,1,5,0,0,1,0,15,0,4,0,27,2,0,5,0,4,2,3,1,4
2016-01-24,1,7,1,10,0,0,2,1,1,1,16,0,4,2,8,1,4,1,1,0,2,1,0,0,1,2,0,3,3,14,1,8,7,2,1,6,20,0,0,3,2,0,1,18,0,4,1,1,1,1,2,14,1,1,7,1,10,6,1,1,1,5,0,0,14,4,29,0,0,0,0,12,1,1,2,1,1,13,1,1,0,0,1,5,0,0,1,0,15,0,4,0,26,1,0,5,0,4,2,3,1,4
2016-01-31,1,7,1,10,0,0,2,1,1,1,16,0,5,2,8,1,5,1,1,0,2,1,0,0,1,3,0,3,3,14,3,8,7,2,1,6,19,0,0,3,2,0,1,18,0,4,1,1,1,1,2,14,1,1,6,1,10,7,1,1,1,5,0,0,15,4,28,0,0,0,0,11,1,1,2,1,1,13,1,1,0,0,1,5,0,0,1,0,15,0,4,0,26,2,0,5,0,4,2,3,1,4
2016-02-07,1,7,1,11,0,0,2,1,1,1,16,0,4,2,7,1,4,1,1,0,2,1,0,0,1,2,0,3,3,13,1,8,7,2,1,7,21,0,0,3,2,0,1,19,0,4,1,1,1,1,3,14,1,1,7,1,10,7,1,1,1,5,0,0,15,4,30,0,0,0,0,11,1,0,2,1,1,14,1,1,0,0,1,5,0,0,1,0,16,0,4,0,25,1,0,5,0,3,2,3,1,4
2016-02-14,2,7,1,11,0,0,2,1,1,1,16,0,4,2,7,1,5,1,1,0,2,1,0,0,1,2,0,3,3,14,1,7,7,2,1,9,22,0,0,3,2,0,1,20,0,4,1,1,1,1,3,14,1,1,7,1,10,6,1,1,1,5,0,0,15,3,32,0,0,0,0,11,1,0,2,1,1,14,1,1,0,0,1,5,0,0,2,0,15,0,5,0,26,2,0,6,0,4,2,3,1,4
2016-02-21,1,7,1,10,0,0,2,1,1,1,16,0,3,1,7,1,5,1,1,0,2,1,0,0,1,3,0,3,3,14,1,7,7,2,1,6,21,0,0,3,3,0,1,23,0,4,1,1,1,1,2,14,1,1,7,1,9,7,1,1,1,5,0,0,15,3,27,0,0,0,0,11,1,0,2,1,1,13,1,1,0,0,1,5,0,0,1,0,16,0,5,0,26,2,0,6,0,3,2,3,1,3
2016-02-28,1,7,1,10,0,0,2,1,1,1,16,0,3,1,7,1,5,1,1,0,2,1,0,0,1,2,0,3,3,13,1,7,7,2,1,6,21,0,0,3,2,0,1,25,0,4,1,1,1,1,2,14,1,1,7,1,9,7,1,1,1,5,0,0,15,4,27,0,0,0,0,11,1,0,2,1,1,13,1,1,0,0,1,5,0,0,1,0,15,0,4,0,26,2,0,6,0,3,2,3,1,3
2016-03-06,1,7,1,10,0,0,2,1,1,1,16,0,3,1,7,1,4,1,1,0,2,1,0,0,1,2,0,3,3,13,1,7,7,2,1,6,21,0,0,2,2,0,1,22,0,4,1,1,1,1,2,14,1,1,7,1,9,8,1,1,1,5,0,0,15,3,25,0,0,0,0,10,1,0,2,1,1,13,1,1,0,0,1,5,0,0,1,0,15,0,4,0,26,1,0,6,0,4,2,3,1,3
2016-03-13,1,7,1,10,0,0,2,1,1,0,15,0,3,1,7,1,4,1,1,0,2,1,0,0,1,2,0,3,3,13,1,7,7,2,1,7,21,0,0,2,2,0,1,21,0,4,1,1,1,1,3,14,1,1,7,1,9,7,1,1,1,5,0,0,15,3,27,0,0,0,0,10,1,0,2,1,1,13,1,1,0,0,1,5,0,0,1,0,16,0,4,0,26,2,0,6,0,4,2,3,1,3
2016-03-20,1,7,1,10,0,0,2,1,1,0,16,0,3,1,7,1,4,1,1,0,2,1,0,0,1,2,0,3,3,14,1,7,8,2,1,7,21,0,0,2,3,0,1,20,0,4,1,1,1,1,3,14,1,1,6,1,9,7,1,1,1,5,0,0,15,3,29,0,0,0,0,10,1,0,2,1,1,13,1,1,0,0,1,4,0,0,1,0,16,0,5,0,27,2,0,6,0,4,2,3,1,3
2016-03-27,1,7,1,10,0,0,2,1,1,0,16,0,3,1,7,1,4,1,1,0,2,1,0,0,1,2,0,3,3,14,1,7,7,2,1,8,21,0,0,3,3,0,1,21,0,4,1,1,1,1,3,15,1,1,6,1,9,7,1,1,1,5,0,0,16,3,29,0,0,0,0,11,1,0,2,1,1,13,2,1,0,0,1,4,0,0,1,0,16,0,4,0,28,2,0,7,0,4,2,4,1,3
2016-04-03,1,7,1,10,0,0,2,1,1,1,16,0,3,1,7,1,4,1,1,0,2,1,0,0,1,2,0,3,3,14,1,7,7,2,1,6,21,0,0,3,3,0,1,20,0,4,1,1,1,1,2,15,1,1,6,1,9,7,1,1,1,5,0,0,15,3,26,0,0,0,0,11,1,0,2,1,1,13,1,1,0,0,1,5,0,0,1,0,16,0,5,0,28,2,0,6,0,4,2,3,1,3
2016-04-10,1,7,1,10,0,0,2,1,1,1,16,0,4,1,7,1,5,1,1,0,2,1,0,0,1,2,0,3,3,14,1,7,8,2,1,6,20,0,0,3,2,0,1,19,0,4,1,1,1,1,2,15,1,1,7,1,9,9,1,1,1,5,0,0,15,4,27,0,0,0,0,11,1,0,2,1,1,13,1,1,0,0,1,5,0,0,1,0,15,0,4,0,29,2,0,7,0,4,2,3,1,3
2016-04-17,1,7,1,10,0,0,2,1,1,1,16,0,3,1,7,1,4,1,1,0,2,1,0,0,1,2,0,3,3,13,1,7,7,2,1,6,21,0,0,3,3,0,1,20,0,4,1,1,1,1,2,15,1,1,6,1,9,9,1,1,1,5,0,0,15,3,26,0,0,0,0,10,1,1,2,1,1,13,1,1,0,0,1,5,0,0,1,0,15,0,4,0,27,2,0,7,0,4,2,3,1,4
2016-04-24,1,7,1,10,0,0,2,1,1,1,16,0,3,1,7,1,4,1,1,0,2,1,0,0,1,2,0,3,3,13,1,8,7,2,1,6,21,0,0,3,3,0,1,20,0,4,1,1,1,1,2,15,1,1,6,1,9,9,1,1,1,5,0,0,15,3,26,0,0,0,0,10,1,1,2,1,1,13,1,1,0,0,1,5,0,0,1,0,16,1,4,0,28,2,0,7,0,4,2,3,1,3
2016-05-01,1,7,1,11,0,0,2,1,1,1,16,0,2,1,7,1,4,1,1,0,2,1,0,0,1,2,0,3,3,13,1,7,8,2,1,7,21,0,0,2,2,0,1,20,0,4,1,1,1,1,2,15,1,1,6,1,9,14,1,1,1,5,0,0,16,3,27,0,0,0,0,10,1,0,2,1,1,13,1,1,0,0,1,4,0,0,1,0,15,1,4,0,27,2,0,7,0,4,2,3,1,3
2016-05-08,1,7,1,11,0,0,2,1,1,1,16,0,2,1,8,1,4,1,1,0,2,1,0,0,1,2,0,3,3,14,1,7,7,2,1,12,21,0,0,2,3,0,1,20,0,4,1,1,1,1,2,15,1,1,6,1,9,13,1,1,2,5,0,0,16,3,28,0,0,0,0,10,1,0,2,1,1,13,1,1,0,0,1,4,0,0,1,0,16,0,4,0,28,2,0,7,0,4,2,3,1,3
2016-05-15,1,7,1,10,0,0,2,1,1,0,16,0,2,1,8,1,4,1,1,0,2,1,0,0,1,2,0,3,3,14,1,7,8,2,1,6,22,0,0,2,3,0,1,21,0,4,1,1,1,1,2,15,1,1,6,1,9,10,1,1,2,5,0,0,16,3,28,0,0,0,0,10,1,0,2,1,1,13,1,1,0,0,1,4,0,0,1,0,16,0,4,0,28,2,0,7,0,4,2,4,1,3
2016-05-22,1,7,1,10,0,0,2,1,1,0,16,0,2,1,8,1,4,1,1,0,2,1,0,0,0,2,0,3,3,13,1,7,8,2,1,6,22,0,0,2,3,0,1,20,0,4,1,1,1,1,3,16,1,1,6,1,9,8,1,1,1,5,0,0,16,3,28,0,0,0,0,10,1,0,2,1,1,13,1,1,0,0,1,4,0,0,1,0,15,0,4,0,29,2,0,7,0,4,2,4,1,3
2016-05-29,1,7,1,11,0,0,2,0,1,0,16,0,2,1,8,1,4,1,1,0,2,1,0,0,0,2,0,3,3,12,1,6,8,2,0,6,22,0,0,2,3,0,1,20,0,4,0,1,1,1,3,18,1,1,6,1,9,7,1,0,1,5,0,0,15,3,31,0,0,0,0,9,1,0,2,1,1,14,1,1,0,0,1,4,0,0,1,0,16,0,4,0,30,2,0,7,0,4,2,4,0,3
2016-06-05,1,7,1,11,0,0,2,1,1,0,16,0,2,1,7,1,4,1,1,0,2,1,0,0,1,2,0,3,3,13,1,6,8,2,1,6,22,0,0,3,3,0,1,20,0,4,0,1,1,1,3,17,1,1,6,1,9,6,1,1,1,5,0,0,15,3,29,0,0,0,0,10,1,0,2,1,1,13,1,1,0,0,1,4,0,0,1,0,16,0,4,0,28,2,0,7,0,4,2,4,1,3
2016-06-12,1,7,1,11,0,0,2,1,1,0,16,0,2,1,7,1,4,1,1,0,2,0,0,0,0,2,0,3,3,13,1,7,8,2,1,7,22,0,0,2,3,0,1,20,0,4,0,1,1,1,3,17,1,1,6,1,9,5,1,1,1,5,0,0,15,3,30,0,0,0,0,10,1,0,2,1,1,14,1,1,0,0,1,3,0,0,1,0,16,0,4,0,28,2,0,6,0,4,2,4,1,3
2016-06-19,1,7,1,11,0,0,2,1,1,0,16,1,2,1,8,1,4,1,1,0,2,1,0,0,1,2,0,3,3,13,1,8,9,2,0,9,23,0,0,3,3,0,1,20,0,4,0,1,1,0,3,18,1,1,7,1,9,5,1,1,1,5,0,0,15,3,30,0,0,0,0,10,1,0,2,1,1,14,1,1,0,0,1,4,0,0,1,0,17,0,4,0,28,2,0,6,0,4,2,3,0,3
2016-06-26,1,6,1,11,0,0,2,1,1,0,17,1,2,1,7,1,4,1,1,0,2,1,0,0,1,2,0,3,3,13,1,8,9,2,0,6,23,0,0,3,3,0,1,21,0,5,0,1,1,0,3,18,1,1,7,1,9,4,1,1,1,5,0,0,16,3,30,0,0,0,0,10,1,0,2,1,1,14,1,1,0,0,1,3,0,0,2,0,17,0,4,0,29,2,0,6,0,4,2,4,0,3
2016-07-03,1,6,1,11,0,0,2,1,1,0,16,0,2,1,7,1,4,1,1,0,2,0,0,0,0,2,0,3,3,12,1,6,8,2,0,7,23,0,0,2,3,0,1,20,0,4,0,1,1,0,3,17,1,1,7,0,8,5,0,1,1,4,0,0,16,3,33,0,0,0,0,9,1,0,2,1,1,14,2,1,0,0,1,3,0,0,2,0,15,0,4,0,29,2,0,6,0,4,2,4,0,3
2016-07-10,1,6,1,11,0,0,2,1,1,0,16,0,2,1,7,1,4,1,1,0,2,0,0,0,0,2,0,3,3,13,1,8,8,2,0,6,23,0,0,2,3,0,1,20,0,4,0,1,1,0,3,17,2,1,7,1,8,4,0,1,1,5,0,0,16,3,29,0,0,0,0,10,1,0,2,1,1,14,1,2,0,0,1,3,0,0,1,0,14,0,4,0,29,2,0,6,0,4,2,3,0,3
2016-07-17,1,6,1,11,0,0,2,1,1,0,16,0,2,1,7,1,4,1,1,0,2,1,0,0,1,2,0,3,3,14,1,8,8,2,0,6,23,0,0,2,3,0,1,20,0,4,1,1,1,0,3,18,1,1,7,1,8,4,1,1,1,5,0,0,16,3,29,0,0,0,0,10,1,1,2,1,1,14,1,2,0,0,1,4,0,0,1,0,14,0,4,0,28,2,0,6,0,4,2,3,0,3
2016-07-24,1,6,1,12,0,0,2,1,1,0,16,0,2,1,7,1,4,1,1,0,2,0,0,0,0,2,0,3,4,14,1,7,7,2,0,6,23,0,0,2,3,0,1,21,0,4,1,1,1,0,3,18,1,1,7,1,9,5,1,1,1,5,0,0,15,3,31,0,0,0,0,10,1,1,2,1,1,14,1,1,0,0,1,3,0,0,1,0,14,0,4,0,28,2,0,6,0,4,2,3,0,3
2016-07-31,1,6,1,11,0,0,2,1,1,0,17,0,2,1,7,1,4,1,1,0,2,0,0,0,1,2,0,3,3,15,1,7,8,2,0,6,22,0,0,2,3,0,1,20,0,4,1,1,1,0,3,17,1,1,8,1,9,5,0,1,1,4,0,0,15,4,29,0,0,0,0,10,1,0,2,1,1,14,1,1,0,0,1,4,0,0,1,0,14,0,4,0,27,2,0,6,0,4,2,3,0,3
2016-08-07,1,6,1,11,0,0,2,0,1,0,16,0,2,1,7,1,4,1,1,0,1,1,0,0,0,2,0,3,3,14,1,7,7,2,0,6,21,0,0,2,2,0,1,18,0,4,0,1,1,0,2,18,2,1,11,1,8,4,0,1,1,5,0,0,14,4,27,0,0,0,0,10,1,0,2,1,1,13,1,1,0,0,1,3,0,0,1,0,14,0,4,0,26,3,0,5,0,4,2,3,0,3
2016-08-14,1,6,1,11,0,0,2,0,1,0,16,0,2,1,7,1,4,1,1,0,1,0,0,0,1,2,0,3,3,14,1,6,7,2,0,6,20,0,0,2,2,0,1,18,0,4,0,1,1,0,2,17,1,1,10,1,8,5,1,0,1,4,0,0,14,4,26,0,0,0,0,10,1,0,2,1,1,14,1,1,0,0,1,3,0,0,1,0,15,0,4,0,26,2,0,5,0,4,3,3,0,3
2016-08-21,1,6,1,10,0,0,2,0,1,0,16,0,2,1,7,1,4,1,1,0,1,1,0,0,1,2,0,3,3,15,1,6,7,2,0,6,21,0,0,2,3,1,1,18,0,4,0,1,1,0,2,15,1,1,8,1,8,6,1,0,1,4,0,0,15,4,26,0,0,0,0,11,1,0,2,1,1,14,1,1,0,0,1,3,0,0,1,0,15,0,4,0,26,1,0,5,0,4,4,3,0,3
2016-08-28,1,7,1,10,0,0,2,0,1,1,16,0,2,1,7,1,4,1,1,0,1,1,0,0,1,2,0,3,3,15,1,6,7,2,0,6,22,0,0,2,3,0,1,18,0,4,0,1,1,1,3,16,1,1,7,1,8,6,1,0,1,5,0,0,15,3,25,0,0,0,0,10,1,0,2,1,1,14,1,1,0,0,1,4,0,0,1,0,15,0,4,0,26,2,0,5,0,4,7,3,1,3
2016-09-04,1,7,1,10,0,0,2,0,1,1,15,0,2,1,7,1,4,1,1,0,1,1,0,0,1,2,0,3,3,13,1,6,7,2,0,6,21,0,0,2,3,0,1,19,0,4,0,1,1,1,3,15,1,1,7,1,8,6,1,0,1,4,0,0,16,3,26,0,0,0,0,10,1,0,2,1,1,14,1,1,0,0,1,4,0,0,1,0,15,0,4,0,26,2,0,5,0,4,10,3,1,3
2016-09-11,1,8,1,9,0,0,2,1,1,1,15,0,2,1,7,1,4,1,1,0,2,1,0,0,1,2,0,3,3,13,1,7,7,2,1,6,21,0,0,2,2,0,1,18,0,4,0,1,1,1,3,14,1,1,7,1,8,6,1,1,1,5,0,0,15,3,24,0,0,0,0,11,1,0,2,1,1,13,1,1,0,0,1,4,0,0,1,0,15,0,4,0,26,2,0,5,0,4,2,3,1,3
2016-09-18,1,7,1,10,0,0,2,0,1,1,15,0,3,1,7,1,5,1,1,0,2,1,0,0,1,2,0,3,3,13,1,6,7,2,1,6,20,0,0,2,2,0,1,18,0,4,0,1,1,1,2,15,1,1,6,1,8,6,1,0,1,5,0,0,15,3,24,0,0,0,0,10,1,0,2,1,1,13,1,1,0,0,1,4,0,0,1,0,15,1,4,0,26,2,0,5,0,4,2,3,1,3
2016-09-25,1,7,1,9,0,0,2,0,1,1,15,0,3,1,7,1,5,1,1,0,2,1,0,0,1,2,0,3,3,13,1,6,7,2,1,6,20,0,0,2,2,0,1,18,0,4,1,1,1,1,3,14,1,1,7,1,8,6,1,0,1,4,0,0,16,3,24,0,0,0,0,10,1,0,2,1,1,13,1,1,0,0,1,5,0,0,1,0,14,1,4,0,27,3,0,5,0,6,2,3,1,3
2016-10-02,1,7,1,9,0,0,2,0,1,1,16,0,3,1,7,1,5,1,1,0,2,1,0,0,1,2,0,3,3,13,1,6,7,2,1,6,20,0,0,2,2,0,1,19,0,4,1,1,1,1,3,14,1,1,7,1,8,6,1,0,1,4,0,0,15,3,25,0,0,0,0,10,1,0,2,1,1,13,1,1,0,0,1,5,0,0,1,0,15,0,4,0,26,1,0,5,0,6,2,3,1,3
2016-10-09,1,7,1,9,0,0,2,0,1,1,15,0,3,1,7,1,5,1,1,0,2,1,0,0,1,2,0,3,3,14,1,7,7,2,1,6,20,0,0,2,2,0,1,20,0,3,0,1,1,1,4,14,1,1,7,1,9,7,1,0,1,4,0,0,15,3,25,0,0,0,0,10,1,0,2,1,1,13,1,1,0,0,1,5,0,0,1,0,15,0,4,0,26,2,0,5,0,5,2,3,1,3
2016-10-16,1,7,1,10,0,0,2,0,1,1,15,0,3,1,7,1,5,1,1,0,2,1,0,0,1,2,0,3,3,13,1,6,7,2,1,6,19,0,0,2,2,0,1,20,0,4,0,1,1,1,3,13,1,1,7,1,8,7,1,0,1,5,0,0,16,3,25,0,0,0,0,10,1,0,2,1,1,13,1,1,0,0,1,5,0,0,1,0,16,0,4,0,26,1,0,5,0,5,2,3,1,3
2016-10-23,1,7,1,9,0,0,2,0,1,1,15,0,3,1,7,1,5,1,1,0,2,1,0,0,1,2,0,3,3,14,1,7,7,2,1,6,20,0,0,2,3,0,1,20,0,3,1,1,1,1,3,13,1,1,7,1,8,6,1,0,1,5,0,0,16,3,25,0,0,0,0,11,1,1,2,1,1,13,1,1,0,0,1,5,0,0,1,0,31,1,4,0,25,2,0,5,0,5,2,3,1,3
2016-10-30,1,7,1,9,0,0,2,0,1,1,15,0,3,1,7,1,5,1,1,0,1,1,0,0,1,2,0,3,3,13,1,6,7,2,1,7,19,0,0,2,3,0,1,19,0,3,0,1,1,1,4,13,1,1,6,1,8,6,1,0,1,4,0,0,15,3,26,0,0,0,0,11,1,0,2,1,1,13,1,1,0,0,2,5,0,0,1,0,47,0,4,0,26,1,0,5,0,4,2,3,1,3
2016-11-06,1,7,1,9,0,0,2,2,1,0,14,1,2,1,7,1,4,1,1,0,2,1,0,0,1,2,0,3,3,14,1,11,10,2,1,6,18,0,0,3,2,0,1,20,0,3,1,1,1,1,5,12,1,1,7,1,8,6,1,2,1,4,0,0,15,3,25,0,0,0,0,10,1,0,2,1,1,14,1,1,0,0,2,4,0,0,1,0,15,0,4,0,24,2,0,4,0,4,2,3,1,3
2016-11-13,1,7,1,9,0,0,2,1,1,1,15,0,3,1,7,1,4,1,1,0,2,1,0,0,1,2,0,3,3,14,1,8,8,2,1,6,19,0,0,2,3,0,1,19,0,4,0,1,1,1,5,13,1,1,7,1,9,6,1,1,1,4,0,0,16,3,25,0,0,0,0,11,1,0,2,1,1,16,1,1,0,0,1,5,0,0,1,0,15,1,4,0,27,1,0,5,0,4,2,3,1,4
2016-11-20,1,7,1,9,0,0,1,0,1,0,15,0,2,1,6,1,4,1,1,0,1,1,0,0,1,2,0,2,3,11,1,7,8,2,0,9,19,0,0,2,3,0,1,18,0,4,1,1,1,1,7,12,1,1,8,0,9,6,1,0,1,4,0,0,16,2,32,0,0,0,0,8,1,0,1,1,1,27,1,1,0,0,1,3,0,0,2,0,14,0,5,0,30,3,0,5,0,5,1,3,0,4
2016-11-27,1,7,1,8,0,0,2,0,1,1,16,0,3,1,7,1,4,1,1,0,1,1,0,0,1,2,0,3,3,14,1,7,7,2,1,6,19,0,0,2,3,0,1,18,0,4,1,1,1,1,7,13,1,1,8,1,9,6,1,0,1,4,0,0,15,3,26,0,0,0,0,11,1,0,2,1,1,19,1,1,0,0,1,5,0,0,1,0,15,1,4,0,28,3,0,5,0,5,2,3,1,4
2016-12-04,1,7,1,9,0,0,2,1,1,1,15,0,3,1,7,1,4,1,1,0,1,1,0,0,1,2,0,3,4,14,1,8,7,2,1,6,19,0,0,2,3,0,1,18,0,4,1,1,1,1,7,13,1,1,7,1,9,7,1,1,1,5,0,0,16,3,26,0,0,0,0,10,1,0,2,1,1,16,1,1,0,0,1,5,0,0,1,0,15,1,4,0,26,2,0,5,0,5,2,3,1,4
2016-12-11,1,7,1,9,0,0,2,1,1,1,16,0,3,1,7,1,4,1,1,0,1,1,0,0,1,2,0,2,3,15,1,8,7,2,1,6,20,0,0,2,3,0,1,19,0,4,1,1,1,1,8,13,1,1,7,1,9,7,1,1,1,4,0,0,15,3,28,0,0,0,0,10,1,0,2,1,1,18,1,1,0,0,1,5,0,0,1,0,14,1,4,0,26,2,0,5,0,4,2,3,1,4
2016-12-18,1,7,1,10,0,0,1,1,1,0,15,0,3,1,7,1,4,1,1,0,1,1,0,0,0,2,0,2,4,15,1,7,8,2,0,7,20,0,0,2,3,0,1,19,0,4,1,1,1,1,10,12,1,1,8,0,9,5,1,1,2,4,0,0,16,3,34,0,0,0,0,8,1,0,1,1,1,22,1,1,0,0,0,3,0,0,1,0,14,0,5,0,28,2,0,5,0,4,1,3,0,4
2016-12-25,1,7,1,12,0,0,2,1,0,0,15,0,3,1,7,1,4,1,1,0,1,0,0,0,0,2,0,3,3,14,1,7,8,2,0,9,21,0,0,2,3,0,1,22,0,4,1,1,1,1,7,13,1,1,8,0,9,5,0,1,1,4,0,0,18,3,43,0,0,0,0,8,1,0,1,1,1,18,1,1,0,0,0,3,0,0,1,0,13,0,5,0,29,2,0,5,0,5,1,3,0,4
2017-01-01,1,7,1,10,0,0,2,1,1,0,17,0,3,2,7,1,4,1,1,0,2,1,0,0,1,2,0,3,3,15,1,7,7,2,0,10,20,0,0,2,3,0,1,21,0,4,1,1,1,0,4,14,1,1,7,1,9,6,1,1,1,4,0,0,17,3,35,0,0,0,0,10,1,0,2,1,1,15,1,1,0,0,0,4,0,0,1,0,15,0,5,0,29,2,0,5,0,5,2,3,0,4
2017-01-08,1,7,1,10,0,0,2,1,1,1,16,0,3,2,7,1,4,1,1,0,1,1,0,0,1,2,0,3,3,15,1,8,6,2,0,6,20,0,0,2,3,0,1,20,0,4,1,1,1,1,3,15,1,1,7,1,9,6,1,1,1,4,0,0,16,4,31,0,0,0,0,11,1,0,2,1,1,14,1,1,0,0,1,4,0,0,2,0,14,0,5,0,26,2,0,5,0,4,2,3,1,3
2017-01-15,1,7,1,10,0,0,2,1,1,1,16,0,4,2,7,1,4,2,1,0,2,1,0,0,1,2,0,3,4,15,1,7,7,2,0,6,20,0,0,2,3,0,1,22,0,4,1,1,1,1,3,14,1,1,7,1,9,6,1,1,1,4,0,0,16,3,31,0,0,0,0,11,1,0,2,1,1,14,1,1,0,0,1,4,0,0,1,0,15,0,5,0,27,2,0,5,0,4,2,3,1,4
2017-01-22,1,7,1,11,0,0,2,1,1,1,16,0,4,2,8,1,4,2,1,0,2,1,0,0,1,2,0,3,6,15,1,9,7,2,1,6,20,0,0,2,3,0,1,21,0,4,1,1,1,1,2,15,2,1,7,1,9,6,1,1,1,4,0,0,15,4,31,0,0,0,0,12,1,1,2,1,1,13,1,1,0,0,1,5,0,0,1,0,15,0,5,0,27,2,0,5,0,4,2,3,1,4
2017-01-29,1,7,1,10,0,0,2,1,1,1,17,0,4,2,8,1,4,2,1,0,2,1,0,0,1,2,0,3,6,15,1,9,7,2,1,6,20,0,0,3,3,0,1,20,0,6,1,1,1,1,2,15,1,1,7,1,9,6,1,1,1,5,0,0,16,4,29,0,0,0,0,11,1,1,2,2,1,13,1,1,0,0,1,5,0,0,1,0,15,1,5,0,27,1,0,5,0,4,2,3,1,4
2017-02-05,1,7,1,10,0,0,2,1,1,1,16,0,4,1,7,1,4,2,1,0,2,1,0,0,1,2,0,3,6,14,1,9,7,2,1,6,21,0,0,2,3,0,1,19,0,5,1,1,1,1,2,14,1,1,7,1,9,6,1,1,1,4,0,0,15,3,29,0,0,0,0,10,1,0,2,1,1,13,1,1,0,0,1,5,0,0,1,0,14,1,5,0,26,1,0,5,0,4,2,3,1,4
2017-02-12,1,7,1,11,0,0,2,1,1,1,17,0,4,1,7,1,4,1,1,0,2,1,0,0,1,2,0,3,5,14,1,9,7,2,1,10,20,0,0,2,3,0,1,19,0,5,1,1,1,1,3,15,1,1,7,1,9,6,1,1,4,5,0,0,16,3,31,0,0,0,0,11,1,0,2,1,1,13,1,1,0,0,1,5,0,0,1,0,14,1,5,0,27,1,0,6,0,4,2,3,1,4
2017-02-19,1,7,1,10,0,0,2,1,1,1,17,0,4,1,7,1,4,2,1,0,2,1,0,0,1,2,0,3,4,14,1,8,7,2,1,6,22,0,0,2,3,0,1,20,0,5,1,1,1,1,3,15,1,1,7,1,9,6,1,1,2,5,0,0,16,3,30,0,0,0,0,10,1,0,2,1,1,14,1,1,0,0,1,5,0,0,1,0,14,0,5,0,27,2,0,6,0,4,2,3,1,3
2017-02-26,1,7,1,10,0,0,2,1,1,1,17,0,3,1,7,1,4,2,1,0,2,1,0,0,1,2,0,3,4,14,1,11,7,2,1,6,22,0,0,3,3,0,1,19,0,5,1,1,1,1,2,15,1,1,7,1,9,6,1,1,1,5,0,0,17,4,32,0,0,0,0,11,1,0,2,1,1,14,1,1,0,0,1,5,0,0,1,0,15,0,4,0,26,2,0,6,0,4,2,3,1,3
2017-03-05,1,7,1,10,0,0,2,1,1,1,17,0,3,1,7,1,4,2,1,0,2,1,0,0,1,2,0,3,4,14,1,9,7,2,1,6,22,0,0,2,3,0,1,20,0,5,1,1,1,1,2,15,1,1,7,1,10,6,1,1,1,5,0,0,16,3,31,0,0,0,0,11,1,0,2,1,1,14,1,1,0,0,1,5,0,0,1,0,15,0,5,0,27,2,0,6,0,4,2,4,1,3
2017-03-12,1,7,1,10,0,0,2,1,1,0,16,0,4,1,7,1,4,1,1,0,1,1,0,0,1,2,0,3,4,13,1,8,7,2,1,6,21,0,0,2,3,0,1,20,0,5,1,1,1,1,2,14,1,1,7,1,9,6,1,1,1,4,0,0,17,3,32,0,0,0,0,11,1,0,2,1,1,13,1,1,0,0,1,4,0,0,1,0,15,0,4,0,27,1,0,6,0,4,2,4,1,3
2017-03-19,1,7,1,10,0,0,2,1,1,0,16,0,3,1,7,1,4,1,1,0,2,1,0,0,1,2,0,3,4,14,1,8,7,2,1,6,22,0,0,2,3,0,1,20,0,5,1,1,1,1,2,15,1,1,7,1,9,6,1,1,1,5,0,0,16,3,31,0,0,0,0,12,1,0,2,1,1,13,1,1,0,0,1,4,0,0,2,0,16,0,5,0,27,2,0,6,0,4,2,3,1,3
2017-03-26,1,7,1,10,0,0,2,1,1,1,16,0,3,1,7,1,4,1,1,0,1,1,0,0,1,2,0,3,4,15,1,8,8,2,1,6,22,0,0,2,3,0,1,20,0,5,1,1,1,1,2,15,1,1,7,1,9,6,1,1,1,5,0,0,16,3,30,0,0,0,0,11,1,0,2,1,1,13,1,1,0,0,1,5,0,0,2,0,15,0,5,0,28,2,0,6,0,4,2,3,1,3
2017-04-02,1,7,1,10,0,0,2,1,1,1,16,0,3,1,7,1,4,1,1,0,1,1,0,0,1,2,0,3,3,14,1,8,7,2,1,6,22,0,0,2,3,0,1,19,0,4,1,1,1,1,2,15,1,1,6,1,9,8,1,1,1,5,0,0,17,3,27,0,0,0,0,11,1,0,2,1,1,13,1,1,0,0,1,4,0,0,1,0,15,0,4,0,28,2,0,6,0,4,2,3,1,3
2017-04-09,1,8,1,11,0,0,2,1,1,1,17,0,4,1,7,1,4,1,1,0,1,1,0,0,1,2,0,3,3,14,1,10,8,2,1,6,22,0,0,2,3,0,1,20,0,4,1,1,1,1,3,16,1,1,7,1,10,8,1,0,1,5,0,0,17,3,27,0,0,0,0,11,1,0,2,1,1,13,1,1,0,0,0,4,0,0,1,0,16,0,4,0,28,1,0,7,0,4,2,3,1,4
2017-04-16,1,7,1,10,0,0,2,1,1,0,16,0,4,1,7,1,4,2,1,0,1,1,0,0,1,2,0,3,4,14,1,8,7,2,1,7,22,0,0,2,3,0,1,20,0,4,1,1,1,1,3,16,1,1,6,1,9,8,1,1,1,5,0,0,16,3,27,0,0,0,0,11,1,0,2,1,1,13,1,1,0,0,1,4,0,0,1,0,15,0,4,0,28,2,0,7,0,4,2,3,1,3
2017-04-23,1,7,1,10,0,0,2,1,1,1,15,0,3,1,7,1,4,2,1,0,2,1,0,0,1,2,0,3,4,14,1,9,8,2,1,6,22,0,0,2,3,0,1,20,0,4,1,1,1,1,2,16,1,1,7,1,9,8,1,1,1,5,0,0,17,4,25,0,0,0,0,11,1,1,2,1,1,13,1,1,0,0,1,5,0,0,1,0,15,1,4,0,29,2,0,7,0,4,2,3,1,3
2017-04-30,1,7,1,11,0,0,2,1,1,1,17,0,3,1,7,1,4,2,1,0,2,1,0,0,1,2,0,3,4,14,1,9,8,2,1,6,22,0,0,3,3,0,1,21,0,4,1,1,1,1,2,16,1,1,7,1,9,8,1,1,1,5,0,0,17,4,26,0,0,0,0,12,1,1,2,1,1,13,1,1,0,0,1,5,0,0,1,0,15,1,4,0,28,2,0,7,0,4,2,3,1,3
2017-05-07,1,7,1,11,0,0,2,0,1,1,16,0,3,1,7,1,4,1,1,0,2,1,0,0,1,2,0,3,3,14,1,9,8,2,1,7,22,0,0,2,3,0,1,20,0,4,1,1,1,1,2,16,1,1,7,1,9,7,1,0,1,5,0,0,17,3,26,0,0,0,0,11,1,0,2,1,1,13,1,1,0,0,1,4,0,0,1,0,15,0,4,0,29,2,0,7,0,4,2,3,1,3
2017-05-14,1,7,1,11,0,0,2,1,1,0,16,0,3,1,7,1,4,1,1,0,1,1,0,0,1,2,0,3,3,13,1,9,8,2,1,11,24,0,0,2,3,0,1,20,0,4,0,1,1,1,2,16,2,1,7,1,9,7,1,1,1,5,0,0,17,3,27,0,0,0,0,10,1,0,2,1,1,13,1,1,0,0,1,4,0,0,1,0,14,0,4,0,28,2,0,7,0,4,2,3,1,3
2017-05-21,1,7,1,10,0,0,2,1,1,0,16,0,3,1,7,1,4,1,1,0,1,1,0,0,1,2,0,3,3,14,1,8,8,2,1,6,23,0,0,2,3,0,1,19,0,5,0,1,1,1,3,16,2,1,7,1,9,6,1,1,1,4,0,0,18,3,27,0,0,0,0,10,1,0,2,1,1,13,1,1,0,0,1,4,0,0,1,0,15,0,4,0,29,2,0,7,0,4,2,4,1,3
2017-05-28,1,7,1,11,0,0,2,1,1,0,17,0,3,1,7,1,4,1,1,0,2,1,0,0,1,2,0,3,4,13,1,7,8,2,0,6,23,0,0,2,3,0,1,22,0,4,0,1,1,1,3,17,1,1,6,1,9,6,1,1,1,5,0,0,18,3,29,0,0,0,0,9,1,0,2,1,1,14,1,1,0,0,0,4,0,0,1,0,15,0,4,0,30,2,0,7,0,4,2,4,0,3
2017-06-04,1,7,1,11,0,0,2,1,1,0,17,0,3,1,7,1,4,1,1,0,1,1,0,0,1,2,0,3,4,14,1,8,8,2,0,6,24,0,0,2,3,0,1,21,0,5,0,1,1,1,3,17,1,1,7,1,10,6,1,1,1,5,0,0,18,3,28,0,0,0,0,10,1,0,2,1,1,13,1,1,0,0,1,4,0,0,1,0,15,0,4,0,29,2,0,7,0,4,2,4,1,3
2017-06-11,1,6,1,11,0,0,2,1,1,0,17,0,2,1,7,1,4,1,1,0,1,0,0,0,1,2,0,3,3,13,1,8,8,2,0,6,23,0,0,2,3,0,1,21,0,5,1,1,1,1,3,18,1,1,6,1,9,5,1,1,1,4,0,0,17,3,30,0,0,0,0,10,1,0,2,1,1,14,1,1,0,0,1,4,0,0,1,0,15,0,4,0,29,2,0,6,0,4,2,3,0,3
2017-06-18,1,7,1,11,0,0,2,1,1,0,16,0,2,1,8,1,4,1,1,0,2,0,0,0,1,2,0,3,4,13,1,9,8,2,0,9,24,0,0,2,3,0,1,21,0,5,1,1,1,0,3,18,1,1,6,1,10,4,1,1,1,5,0,0,18,3,31,0,0,0,0,11,1,0,2,1,1,14,1,1,0,0,1,4,0,0,1,0,15,0,5,0,29,2,0,6,0,5,2,4,0,3
2017-06-25,1,7,1,11,0,0,2,1,1,0,17,0,2,1,7,1,4,1,1,0,2,0,0,0,1,2,0,3,4,14,1,8,8,2,0,6,25,0,0,2,3,0,1,23,0,5,0,1,1,0,3,18,1,1,7,1,10,4,1,1,1,5,0,0,18,3,30,0,0,0,0,11,1,0,2,1,1,14,1,1,0,0,0,4,0,0,1,0,15,0,5,0,29,3,0,6,0,5,2,4,0,3
2017-07-02,1,6,1,12,0,0,2,0,1,0,18,0,2,1,7,1,4,1,1,0,2,1,0,0,0,2,0,3,4,13,1,7,9,2,0,7,25,0,0,2,3,0,1,23,0,5,0,1,1,0,4,19,1,1,7,1,10,5,0,0,1,4,0,0,18,3,31,0,0,0,0,10,1,0,2,1,1,15,2,1,0,0,0,4,0,0,2,0,14,0,5,0,31,3,0,6,0,5,2,4,0,3
2017-07-09,1,7,1,12,0,0,2,1,1,0,18,0,2,1,7,1,4,1,1,0,2,1,0,0,1,2,0,3,4,14,1,8,8,2,0,6,25,0,0,2,3,0,1,22,0,5,0,1,1,0,3,19,1,1,8,1,10,5,1,1,1,4,0,0,18,3,29,0,0,0,0,11,1,0,2,1,1,14,1,1,0,0,0,4,0,0,1,0,14,0,5,0,31,3,0,6,0,4,2,4,0,3
2017-07-16,1,7,1,12,0,0,2,1,1,0,18,0,2,1,7,1,5,1,1,0,2,0,0,0,1,2,0,3,4,14,1,8,8,2,0,5,24,0,0,2,3,0,1,22,0,5,0,1,1,0,3,18,1,1,8,1,10,6,1,1,1,4,0,0,19,3,30,0,0,0,0,11,1,1,2,1,1,14,1,1,0,0,0,4,0,0,1,0,14,0,5,0,29,2,0,6,0,5,2,3,0,3
2017-07-23,1,7,1,12,0,0,2,1,1,0,17,0,2,1,7,1,4,1,1,0,1,0,0,0,1,2,0,3,4,15,1,9,8,2,0,6,24,0,0,2,3,0,1,22,0,4,1,1,1,0,3,18,1,1,8,1,10,6,0,1,1,4,0,0,18,4,32,0,0,0,0,11,1,1,2,1,1,14,1,1,0,0,0,4,0,0,1,0,14,0,5,0,29,2,0,6,0,4,2,3,0,3
2017-07-30,1,7,1,12,0,0,2,1,1,0,18,0,2,1,8,1,4,1,1,0,1,0,0,0,1,2,0,3,4,15,1,10,8,2,0,6,24,0,0,2,3,0,1,22,0,5,0,1,1,0,3,17,2,1,7,1,10,5,1,1,1,4,0,0,18,4,30,0,0,0,0,11,1,1,2,1,1,14,1,1,0,0,0,4,0,0,1,0,13,0,5,0,29,2,0,6,0,4,2,3,0,4
2017-08-06,1,7,1,11,0,0,2,1,1,0,17,0,2,1,7,1,4,1,1,0,1,1,0,0,1,2,0,3,4,15,1,9,8,2,1,6,23,0,0,2,3,0,1,21,0,4,0,1,1,0,2,16,2,1,7,1,9,6,1,1,1,4,0,0,18,4,28,0,0,0,0,11,1,0,2,1,1,14,1,1,0,0,0,4,0,0,1,0,15,0,5,0,29,2,0,6,0,4,3,3,0,4
2017-08-13,1,7,1,11,0,0,2,1,1,0,17,0,2,1,7,1,4,1,1,0,2,0,0,0,0,2,0,3,4,15,1,8,8,2,0,6,24,0,0,2,3,0,1,20,0,4,0,1,1,0,2,15,2,1,7,1,9,6,1,1,1,4,0,0,17,4,27,0,0,0,0,10,1,0,2,1,1,16,1,1,0,0,1,3,0,0,1,0,14,0,4,0,28,2,0,6,0,4,3,3,0,3
2017-08-20,1,6,1,11,0,0,2,1,1,0,16,0,2,1,7,1,4,1,1,0,1,0,0,0,0,2,0,2,4,14,1,8,7,2,0,5,22,0,0,2,3,0,1,19,0,4,0,1,1,0,2,15,3,1,6,1,9,5,1,1,1,4,0,0,17,4,24,0,0,0,0,10,1,0,2,1,1,15,1,1,0,0,1,4,0,0,1,0,14,0,4,0,27,1,0,5,0,4,4,3,0,3
2017-08-27,1,7,1,10,0,0,2,1,1,0,16,0,2,1,8,1,4,1,1,0,1,1,0,0,1,2,0,2,4,14,1,8,8,2,0,5,21,0,0,2,3,0,1,19,0,4,0,1,1,1,3,16,2,1,6,1,9,4,1,1,1,4,0,0,17,3,24,0,0,0,0,11,1,0,2,1,1,13,1,1,0,0,1,4,0,0,1,0,14,0,4,0,28,1,0,5,0,4,7,3,1,3
2017-09-03,1,6,1,10,0,0,2,0,1,0,16,0,2,1,7,1,4,1,1,0,1,1,0,0,1,2,0,2,4,13,1,7,8,2,0,5,20,0,0,2,2,0,1,19,0,4,0,1,1,1,3,15,1,1,6,1,8,5,1,0,1,4,0,0,16,3,29,0,0,0,0,10,1,0,2,1,1,13,1,1,0,0,1,4,0,0,1,0,15,0,4,0,28,2,0,5,0,4,9,3,1,3
2017-09-10,1,7,1,10,0,0,2,1,1,1,19,0,2,1,7,1,4,1,1,0,1,1,0,0,1,2,0,3,3,14,1,8,7,2,0,5,21,0,0,2,2,0,1,19,0,4,1,1,1,1,3,16,1,1,6,1,8,5,1,1,1,4,0,0,17,3,28,0,0,0,0,10,1,0,2,1,1,13,1,1,0,0,1,5,0,0,1,0,14,0,4,0,28,2,0,5,0,4,2,3,1,3
2017-09-17,1,7,1,10,0,0,2,1,1,1,17,0,2,1,7,1,4,1,1,0,1,1,0,0,1,2,0,3,4,14,1,8,7,2,1,6,21,0,0,2,3,0,1,19,0,4,1,1,1,1,3,15,1,1,6,1,9,6,1,1,1,5,0,0,17,4,26,0,0,0,0,11,1,0,2,1,1,13,1,1,0,0,1,5,0,0,1,0,16,1,4,0,28,2,0,5,0,4,2,3,1,3
2017-09-24,1,7,1,10,0,0,2,1,1,1,17,0,3,1,7,1,5,1,1,0,1,1,0,0,1,2,0,3,4,14,1,8,7,2,1,6,21,0,0,2,3,0,1,19,0,4,1,1,1,1,3,14,1,1,7,1,9,7,1,1,1,5,0,0,17,3,25,0,0,0,0,11,1,0,2,1,1,13,1,1,0,0,1,5,0,0,1,0,14,1,4,0,28,1,0,5,0,4,2,3,1,3
2017-10-01,1,7,1,10,0,0,2,1,1,1,17,0,3,1,7,1,5,1,1,0,1,1,0,0,1,2,0,3,3,14,1,11,7,2,1,6,21,0,0,2,2,0,1,19,0,4,1,1,1,1,3,14,1,1,6,1,8,6,1,1,1,4,0,0,17,3,23,0,0,0,0,11,1,0,2,1,1,13,1,1,0,0,1,5,0,0,1,0,15,0,4,0,27,1,0,5,0,4,2,3,1,3
2017-10-08,1,8,1,10,0,0,2,1,1,1,16,0,3,1,7,1,5,2,1,0,1,1,0,0,1,2,0,3,3,14,1,9,8,2,1,7,21,0,0,2,3,0,1,21,0,4,1,1,1,1,4,14,1,1,6,1,9,6,1,1,1,4,0,0,18,3,25,0,0,0,0,11,1,0,2,1,1,13,1,1,0,0,1,5,0,0,1,0,17,0,5,0,27,1,0,5,0,4,2,3,1,3
2017-10-15,1,7,1,10,0,0,2,1,1,1,17,0,3,1,7,1,5,2,1,0,2,1,0,0,1,2,0,3,3,13,1,9,7,2,1,7,21,0,0,2,3,0,1,21,0,4,1,1,1,1,3,14,1,1,7,1,9,6,1,1,1,5,0,0,18,3,25,0,0,0,0,11,1,0,2,1,1,13,1,1,0,0,1,5,0,0,1,0,16,1,5,0,27,1,0,5,0,4,2,3,1,3
2017-10-22,1,7,1,10,0,0,2,1,1,1,16,0,3,1,7,1,5,2,1,0,1,1,0,0,1,2,0,3,3,13,1,9,7,2,1,6,21,0,0,2,3,0,1,20,0,4,1,1,1,1,3,14,1,1,7,1,9,6,1,1,1,5,0,0,17,3,24,0,0,0,0,11,1,1,2,1,1,13,1,1,0,0,1,5,0,0,1,0,26,1,5,0,27,1,0,5,0,4,2,3,1,3
2017-10-29,1,7,1,9,0,0,2,1,1,1,17,0,3,1,7,1,4,2,1,0,1,1,0,0,1,2,0,3,4,13,1,10,7,2,1,7,20,0,0,3,3,0,1,20,0,4,1,1,1,1,4,13,1,1,6,1,9,6,1,1,1,4,0,0,17,3,26,0,0,0,0,12,1,1,2,1,1,13,1,1,0,0,1,5,0,0,1,0,36,0,5,0,27,1,0,5,0,4,2,3,1,4
2017-11-05,1,7,1,10,0,0,2,1,1,1,17,0,3,1,7,1,4,1,1,0,2,1,0,0,1,2,0,3,4,14,1,10,8,2,1,6,21,0,0,2,3,0,1,19,0,4,1,1,1,1,6,14,1,1,7,1,9,6,1,1,1,4,0,0,18,3,25,0,0,0,0,12,1,0,2,1,1,15,1,1,0,0,1,5,0,0,1,0,15,0,5,0,28,2,0,5,0,4,2,3,1,4
2017-11-12,1,7,1,10,0,0,2,1,1,1,17,0,3,1,7,1,4,2,1,0,2,1,0,0,1,2,0,3,4,14,1,9,8,2,1,6,21,0,0,3,3,0,1,18,0,4,1,1,1,1,5,14,1,1,7,1,9,6,1,1,1,4,0,0,17,3,25,0,0,0,0,12,1,0,2,1,1,16,1,1,0,0,1,5,0,0,1,0,16,1,5,0,29,1,0,5,0,4,2,3,1,4
2017-11-19,1,7,1,10,0,0,1,0,1,0,16,0,2,1,7,1,4,1,1,0,1,0,0,0,1,2,0,2,4,12,1,8,9,2,0,9,20,0,0,2,3,0,1,18,0,4,1,1,1,1,7,13,1,1,7,0,9,5,1,0,1,4,0,0,18,3,31,0,0,0,0,8,1,0,1,1,1,28,2,1,0,0,0,3,0,0,1,0,14,0,5,0,34,2,0,5,0,4,1,3,0,4
2017-11-26,1,7,1,9,0,0,2,1,1,1,17,0,3,1,8,1,4,2,1,0,1,1,0,0,1,2,0,3,4,14,1,10,8,2,1,5,19,0,0,4,3,1,1,19,0,4,1,1,1,1,7,14,1,1,8,1,9,8,1,1,1,5,0,0,16,3,24,0,0,0,0,11,1,0,2,1,1,19,1,1,0,0,1,5,0,0,1,0,16,0,5,0,31,1,0,5,0,5,2,3,1,5
2017-12-03,1,7,1,9,0,0,2,1,1,1,17,0,3,1,8,1,4,2,1,0,1,1,0,0,1,2,0,3,4,14,1,10,8,2,1,6,19,0,0,4,3,1,1,19,0,4,1,1,1,1,7,14,1,1,7,1,9,7,1,1,1,4,0,0,17,3,24,0,0,0,0,11,1,0,2,1,1,16,1,1,0,0,1,5,0,0,1,0,16,1,5,0,28,2,0,5,0,4,2,3,1,4
2017-12-10,1,7,1,10,0,0,2,1,1,1,17,0,3,1,8,1,4,1,1,0,1,1,0,0,1,2,0,2,4,15,1,10,8,2,1,6,20,0,0,3,3,1,1,18,0,4,1,1,1,1,7,14,1,1,7,1,9,6,1,1,1,5,0,0,17,3,26,0,0,0,0,11,1,0,2,1,1,18,1,1,0,0,1,5,0,0,1,0,14,1,5,0,28,2,0,5,0,4,2,3,1,4
2017-12-17,1,7,1,11,0,0,2,1,1,0,17,0,3,1,8,1,4,1,1,0,1,1,0,0,1,2,0,2,5,15,1,10,9,2,0,7,21,0,0,3,3,1,1,19,0,4,1,1,1,1,9,14,1,1,8,0,9,5,1,1,1,4,0,0,17,3,31,0,0,0,0,10,1,0,1,1,1,22,1,1,0,0,0,4,0,0,1,0,14,0,5,0,29,2,0,5,0,6,1,3,0,4
2017-12-24,1,7,1,12,0,0,2,1,0,0,16,0,3,1,9,1,4,1,1,0,1,0,0,0,0,2,0,2,4,12,1,9,9,2,0,7,22,0,0,3,3,1,1,21,0,4,1,1,1,1,8,15,1,1,8,0,10,5,0,1,1,4,0,0,20,3,39,0,0,0,0,8,1,0,1,1,1,20,1,1,0,0,0,3,0,0,1,0,16,0,5,0,33,2,0,6,0,5,1,3,0,5
2017-12-31,1,7,1,10,0,0,2,1,1,0,18,0,3,2,9,1,4,1,1,0,1,0,0,0,0,2,0,3,4,14,1,10,8,2,0,11,22,0,0,3,3,1,1,20,0,4,1,1,1,0,4,17,1,1,7,1,10,5,1,1,1,4,0,0,18,3,32,0,0,0,0,10,1,0,2,1,1,16,2,1,0,0,0,4,0,0,1,0,16,0,5,0,31,2,0,5,0,4,1,3,0,4
2018-01-07,1,7,1,10,0,0,2,1,1,0,17,0,3,2,8,1,4,1,1,0,1,1,0,0,1,2,0,3,4,15,1,11,7,2,0,5,20,0,0,3,3,1,1,19,0,5,1,1,1,1,3,17,1,1,7,1,10,5,1,1,1,4,0,0,17,4,27,0,0,0,0,11,1,0,2,1,1,14,1,1,0,0,1,4,0,0,1,0,16,0,5,0,28,1,0,5,0,4,2,3,1,4
2018-01-14,1,7,1,11,0,0,2,1,1,0,17,0,3,2,8,1,4,1,1,0,1,1,0,0,1,2,0,3,4,15,1,11,8,2,1,5,21,0,0,3,3,0,1,20,0,4,1,1,1,1,3,16,1,1,7,1,10,5,1,1,1,4,0,0,17,4,28,0,0,0,0,12,1,0,5,4,1,14,1,1,0,0,1,4,0,0,1,0,15,0,5,0,28,2,0,5,0,4,2,3,1,4
2018-01-21,1,7,1,11,0,0,2,1,1,1,17,0,4,2,8,1,4,2,1,0,1,1,0,0,1,2,0,3,4,15,1,12,8,2,1,5,21,0,0,3,3,0,1,19,0,4,1,1,1,1,2,16,1,1,7,1,10,6,1,1,1,4,0,0,17,4,27,0,0,0,0,12,1,1,2,2,1,13,1,1,0,0,1,5,0,0,1,0,16,0,5,0,28,2,0,5,0,4,2,3,1,4
2018-01-28,1,7,1,10,0,0,2,2,1,1,18,0,4,2,8,1,4,2,1,0,1,1,0,0,1,2,0,3,4,15,1,13,8,2,1,5,21,0,0,3,3,0,1,19,0,4,1,1,1,1,2,16,1,1,7,1,10,6,1,1,1,4,0,0,18,4,25,0,0,0,0,12,1,1,2,2,1,13,1,1,0,0,1,5,0,0,1,0,18,0,5,0,27,2,0,5,0,4,2,3,1,4
2018-02-04,1,7,2,10,0,0,2,5,1,1,17,1,4,1,8,1,5,2,1,0,1,1,0,0,1,2,0,3,4,14,1,17,11,2,1,5,21,0,0,3,3,0,1,19,0,4,1,1,1,1,2,15,1,1,7,1,10,6,1,5,1,5,0,0,17,4,26,0,0,0,0,11,1,1,2,1,1,13,1,1,0,0,1,5,0,0,1,0,17,0,5,0,27,2,0,5,0,4,2,3,1,4
2018-02-11,1,7,1,11,0,0,2,2,1,1,17,0,4,1,8,1,4,1,1,0,1,1,0,0,1,2,0,3,4,14,1,11,8,2,1,9,21,0,0,3,2,0,1,19,0,4,1,1,1,1,3,15,1,1,9,1,9,6,1,2,1,5,0,0,18,3,28,0,0,0,0,11,1,0,2,1,1,13,1,1,0,0,1,5,0,0,1,0,17,0,5,0,26,3,0,6,0,4,2,3,1,4
2018-02-18,1,7,1,11,0,0,2,1,1,0,18,0,4,1,8,1,4,2,1,0,1,1,0,0,1,2,0,3,4,15,1,10,7,2,1,5,23,0,0,2,3,0,1,19,0,4,1,1,1,1,3,16,1,1,9,1,10,6,1,1,1,5,0,0,18,3,30,0,0,0,0,11,1,0,2,1,1,14,1,1,0,0,1,5,0,0,1,0,16,0,5,0,28,2,0,6,0,4,2,3,1,4
2018-02-25,1,7,1,10,0,0,2,2,1,1,19,0,4,1,8,1,4,2,1,0,1,1,0,0,1,2,0,3,4,15,1,11,8,2,1,5,23,0,0,3,3,0,1,19,0,5,1,1,1,1,2,16,1,1,7,1,10,7,1,2,1,5,0,0,17,4,26,0,0,0,0,11,1,0,2,1,1,14,1,1,0,0,1,5,0,0,1,0,16,0,5,0,28,2,0,6,0,4,2,3,1,4
2018-03-04,1,7,1,10,0,0,2,2,1,0,18,0,3,1,8,1,4,2,1,0,1,1,0,0,1,2,0,3,3,15,1,11,8,2,1,6,23,0,0,3,3,0,1,20,0,5,1,1,1,1,2,18,1,1,7,1,10,7,1,2,1,5,0,0,19,3,28,0,0,0,0,11,1,0,2,1,1,13,1,1,0,0,1,5,0,0,1,0,15,0,5,0,29,1,0,6,0,4,2,4,1,4
2018-03-11,1,7,1,11,0,0,2,1,1,0,17,0,3,1,7,1,4,1,1,0,1,1,0,0,1,2,0,3,3,14,1,10,7,2,1,6,22,0,0,3,3,0,1,20,0,5,1,1,1,1,2,16,1,1,7,1,10,8,1,1,1,4,0,0,18,3,27,0,0,0,0,10,1,0,2,1,1,13,1,1,0,0,1,4,0,0,1,0,15,0,5,0,27,2,0,6,0,4,2,3,1,3
2018-03-18,1,7,1,11,0,0,2,2,1,0,17,0,3,1,7,1,4,1,1,0,1,1,0,0,1,2,0,3,3,14,1,12,8,2,1,5,22,0,0,3,3,0,1,19,0,5,1,1,1,1,2,16,1,1,7,1,10,7,1,2,1,4,0,0,19,3,27,0,0,0,0,11,1,0,2,1,1,13,1,1,0,0,1,4,0,0,1,0,16,0,5,0,27,2,0,6,0,4,2,3,1,3
2018-03-25,1,7,1,11,0,0,2,2,1,0,17,0,3,1,7,1,4,1,1,0,1,1,0,0,1,2,0,3,3,14,1,11,9,2,1,6,22,0,0,3,3,0,1,20,0,4,1,1,1,1,3,16,1,1,7,1,10,6,1,2,1,5,0,0,18,3,27,0,0,0,0,11,1,0,2,1,1,13,1,1,0,0,1,4,0,0,1,0,15,0,5,0,28,2,0,6,0,4,2,3,1,3
2018-04-01,1,7,1,11,0,0,2,3,1,0,18,0,3,1,7,1,4,1,1,0,1,1,0,0,1,2,0,3,4,15,1,12,9,2,1,7,22,0,0,3,3,0,1,20,0,4,1,1,1,1,3,16,1,1,6,1,10,7,1,3,1,4,0,0,19,4,28,0,0,0,0,11,1,0,2,1,1,13,1,1,0,0,1,4,0,0,1,0,15,0,5,0,29,2,0,6,0,4,2,3,1,4
2018-04-08,1,7,1,10,0,0,2,2,1,0,17,0,3,1,8,1,4,2,1,0,1,1,0,0,1,2,0,3,3,14,1,10,8,2,1,5,22,0,0,3,3,0,1,19,0,4,1,1,1,1,2,16,1,1,7,1,10,9,1,2,1,5,0,0,18,3,26,0,0,0,0,11,1,0,2,1,1,12,1,1,0,0,1,5,0,0,1,0,15,1,5,0,29,3,0,6,0,4,2,3,1,4
2018-04-15,1,7,1,10,0,0,2,2,1,0,17,0,4,1,8,1,4,2,1,0,1,1,0,0,1,2,0,3,4,15,1,10,8,2,1,5,22,0,0,3,3,0,1,19,0,4,1,1,1,1,2,15,1,1,6,1,10,11,1,2,1,4,0,0,19,3,24,0,0,0,0,11,1,1,2,1,1,13,1,1,0,0,1,5,0,0,1,0,16,0,5,0,28,2,0,6,0,4,2,3,1,3
2018-04-22,1,7,1,10,0,0,2,2,1,0,16,0,3,1,7,1,4,2,1,0,1,1,0,0,1,2,0,3,4,14,1,10,8,2,1,5,22,0,0,3,3,0,1,22,0,4,1,1,1,1,2,17,2,1,6,1,10,22,1,2,1,5,0,0,19,3,26,0,0,0,0,11,1,1,2,1,1,12,1,1,0,0,1,5,0,0,1,0,16,0,5,0,28,2,0,7,0,4,2,3,1,3
2018-04-29,1,7,1,11,0,0,2,2,1,0,18,0,3,1,8,1,4,2,1,0,1,1,0,0,1,2,0,3,4,15,1,10,8,2,1,5,22,0,0,3,3,0,1,20,0,4,1,1,1,1,2,17,1,1,6,1,10,23,1,2,1,5,0,0,19,4,26,0,0,0,0,11,1,1,2,1,1,13,1,1,0,0,1,5,0,0,1,0,15,1,5,0,29,2,0,7,0,4,2,3,1,4
2018-05-06,1,7,1,12,0,0,2,1,1,0,17,0,3,1,7,1,4,1,1,0,2,1,0,0,1,2,0,3,4,14,1,10,8,2,1,6,23,0,0,3,3,0,1,19,0,4,1,1,1,1,2,17,1,1,6,1,10,15,1,1,1,5,0,0,18,3,24,0,0,0,0,11,1,0,2,1,1,13,1,1,0,0,1,5,0,0,1,0,15,0,5,0,29,2,0,7,0,4,2,3,1,4
2018-05-13,1,8,1,11,0,0,2,1,1,0,17,0,2,1,7,1,4,1,1,0,1,1,0,0,1,2,0,3,4,14,1,9,8,2,1,10,23,0,0,2,3,0,1,20,0,4,0,1,1,1,2,16,1,1,7,1,10,11,1,1,1,5,0,0,19,3,26,0,0,0,0,11,1,0,2,1,1,13,1,1,0,0,0,4,0,0,1,0,16,0,4,0,28,2,0,7,0,4,2,3,1,4
2018-05-20,1,7,1,11,0,0,2,1,1,0,16,0,2,1,7,1,4,1,1,0,2,1,0,0,1,2,0,3,4,14,1,9,8,2,1,6,24,0,0,2,3,0,1,20,0,5,0,1,1,1,3,18,1,1,7,1,10,9,1,1,1,5,0,0,18,3,25,0,0,0,0,10,1,0,2,1,1,13,1,1,0,0,0,4,0,0,1,0,16,0,4,0,30,2,0,7,0,4,2,4,1,4
2018-05-27,1,7,1,12,0,0,2,1,1,0,17,0,2,1,7,1,4,1,1,0,1,1,0,0,1,2,0,3,4,13,1,8,8,2,1,5,24,0,0,2,3,0,1,20,0,5,0,1,1,1,3,19,1,1,6,1,10,8,1,1,1,5,0,0,19,3,27,0,0,0,0,10,1,0,2,1,1,14,2,1,0,0,0,4,0,0,1,0,18,0,5,0,31,2,0,7,0,4,2,4,1,4
2018-06-03,1,7,1,11,0,0,2,1,1,0,17,0,2,1,7,1,4,1,1,0,1,0,0,0,1,2,0,3,4,14,1,10,8,2,1,5,24,0,0,2,3,0,1,20,0,5,1,1,1,1,2,18,1,1,6,1,10,6,1,1,1,5,0,0,19,3,25,0,0,0,0,11,1,0,2,1,1,13,1,1,0,0,0,4,0,0,1,0,20,0,5,0,29,2,0,7,0,5,2,4,1,4
2018-06-10,1,7,1,12,0,0,2,1,1,0,17,0,2,1,7,1,4,1,1,0,1,0,0,0,1,2,0,3,4,14,1,10,8,2,1,6,24,0,0,2,3,0,1,20,0,5,0,1,1,1,2,18,2,1,6,1,10,6,1,1,1,4,0,0,19,3,28,0,0,0,0,11,1,0,2,1,1,14,1,1,0,0,0,4,0,0,1,0,49,0,5,0,30,2,0,7,0,5,2,4,1,4
2018-06-17,1,7,1,12,0,0,2,2,1,0,17,0,2,1,8,1,4,1,1,0,1,0,0,0,1,2,0,3,4,13,1,10,8,2,1,8,24,0,0,2,3,0,1,20,0,4,1,1,1,0,2,18,1,1,6,0,10,5,1,2,1,4,0,0,19,3,29,0,0,0,0,10,1,0,2,1,1,14,1,1,0,0,0,4,0,0,1,0,84,0,5,0,29,2,0,6,0,4,2,3,0,4
2018-06-24,1,7,1,12,0,0,2,2,1,0,18,0,2,1,7,1,4,1,1,0,2,0,0,0,1,2,0,3,4,14,1,10,9,2,0,5,25,0,0,2,3,0,1,21,0,5,1,1,1,0,3,19,1,1,6,1,10,5,1,2,1,5,0,0,20,3,27,0,0,0,0,11,1,0,2,1,1,14,1,1,0,0,1,4,0,0,1,0,89,0,5,0,30,2,0,6,0,5,2,3,0,4
2018-07-01,1,6,1,13,0,0,2,1,1,0,18,0,2,1,7,1,4,1,1,0,1,0,0,0,0,2,0,3,4,13,1,8,9,2,0,7,24,0,0,2,3,0,1,21,0,5,0,1,1,0,3,20,1,1,6,0,10,6,1,1,1,4,0,0,20,3,30,0,0,0,0,10,1,0,1,1,1,15,2,1,0,0,0,4,0,0,2,0,77,0,5,0,31,2,0,6,0,4,2,3,0,4
2018-07-08,1,7,1,12,0,0,2,1,1,0,18,0,2,1,7,1,4,1,1,0,1,0,0,0,1,2,0,3,4,15,1,10,8,2,0,5,25,0,0,2,3,0,1,20,0,5,0,1,1,0,3,19,1,1,6,1,10,5,1,1,1,4,0,0,20,4,26,0,0,0,0,11,1,0,2,1,1,14,1,1,0,0,0,4,0,0,1,0,47,0,5,0,31,2,0,6,0,4,2,3,0,4
2018-07-15,1,7,1,12,0,0,2,1,1,0,17,0,2,1,7,1,5,1,1,0,1,0,0,0,1,2,0,3,4,15,1,10,8,2,0,5,24,0,0,2,3,0,1,21,0,5,0,1,1,0,3,19,1,1,6,1,10,5,1,1,1,4,0,0,20,4,28,0,0,0,0,11,1,1,2,1,1,14,2,1,0,0,1,4,0,0,1,0,29,0,5,0,32,2,0,6,0,4,2,3,0,4
2018-07-22,1,7,1,13,0,0,2,1,1,0,17,0,2,1,7,1,4,1,1,0,1,0,0,0,1,2,0,3,4,15,1,13,9,2,0,5,25,0,0,3,3,0,1,21,0,4,0,1,1,0,2,18,2,1,7,1,10,5,1,1,1,4,0,0,20,4,27,0,0,0,0,10,1,1,2,1,1,14,2,1,0,0,0,4,0,0,1,0,16,0,5,0,29,2,0,6,0,5,2,3,0,4
2018-07-29,1,7,1,12,0,0,2,1,1,0,18,0,2,1,8,1,4,1,1,0,1,0,0,0,1,2,0,3,4,15,1,12,8,2,0,5,24,0,0,2,3,0,1,21,0,4,1,1,1,0,2,18,2,1,6,1,10,6,1,1,1,4,0,0,20,4,26,0,0,0,0,11,1,1,2,1,1,14,2,1,0,0,0,4,0,0,1,0,15,0,5,0,30,2,0,6,0,5,2,3,0,4
2018-08-05,1,7,1,12,0,0,2,1,1,0,18,0,2,1,7,1,4,1,1,0,1,1,0,0,1,2,0,3,4,15,1,11,8,2,0,6,24,0,0,2,3,0,1,21,0,4,1,1,1,0,2,18,2,1,6,1,10,5,1,1,1,4,0,0,20,4,27,0,0,0,0,11,1,1,2,1,1,14,1,1,0,0,1,4,0,0,1,0,15,0,5,0,30,2,0,6,0,4,3,3,0,4
2018-08-12,1,7,1,12,0,0,2,1,1,0,18,0,2,1,7,1,5,1,1,0,1,1,0,0,1,2,0,3,4,16,1,11,8,2,0,6,24,0,0,2,3,0,1,20,0,4,1,1,1,0,2,17,4,1,7,1,10,6,1,1,1,4,0,0,20,4,27,0,0,0,0,11,1,0,2,1,1,14,2,1,0,0,1,4,0,0,1,0,16,0,5,0,29,2,0,6,0,4,3,3,0,4
2018-08-19,1,7,1,11,0,0,2,1,1,0,17,0,2,1,7,1,5,1,1,0,1,1,0,0,1,2,0,3,4,15,1,10,8,2,0,6,23,0,0,2,3,0,1,19,0,4,1,1,1,0,2,16,5,1,6,1,10,5,1,1,1,5,0,0,19,4,25,0,0,0,0,11,1,0,2,1,1,14,1,1,0,0,1,4,0,0,1,0,16,0,5,0,29,2,0,6,0,4,4,3,1,4
2018-08-26,1,7,1,11,0,0,2,1,1,0,16,0,2,1,7,1,5,1,1,0,1,1,0,0,1,2,0,3,4,15,1,11,8,2,0,6,22,0,0,2,3,0,1,19,0,4,1,1,1,1,3,16,3,1,6,1,10,5,1,1,1,4,0,0,19,4,23,0,0,0,0,11,1,0,2,1,1,14,1,1,0,0,1,4,0,0,1,0,14,0,5,0,28,2,0,6,0,4,7,3,1,4
2018-09-02,1,7,1,11,0,0,2,1,1,1,17,0,2,1,7,1,4,2,1,0,1,1,0,0,1,2,0,3,4,14,1,13,8,2,0,5,22,0,0,2,3,0,1,19,0,4,0,1,1,1,3,15,3,1,6,1,10,5,1,1,1,4,0,0,19,3,25,0,0,0,0,10,1,0,2,1,1,14,2,1,0,0,1,4,0,0,1,0,14,0,5,0,28,2,0,5,0,4,10,3,1,4
2018-09-09,1,7,1,10,0,0,2,1,1,1,16,0,2,1,7,1,5,2,1,0,1,1,0,0,1,2,0,3,4,14,1,11,7,2,1,5,21,0,0,2,2,0,1,18,0,4,1,1,1,1,2,15,2,1,6,1,9,5,1,1,1,4,0,0,18,4,23,0,0,0,0,11,1,0,2,1,1,12,1,1,0,0,1,5,0,0,1,0,14,0,4,0,27,2,0,5,0,4,2,3,1,3
2018-09-16,1,7,1,11,0,0,2,1,1,1,16,0,3,1,7,1,5,2,1,0,1,1,0,0,1,2,0,3,4,14,1,12,8,2,1,5,22,0,0,2,3,0,1,20,0,4,1,1,1,1,2,16,2,1,6,1,9,5,1,1,1,5,0,0,18,4,23,0,0,0,0,11,1,0,2,1,1,13,1,1,0,0,1,5,0,0,1,0,14,0,5,0,27,2,0,5,0,4,2,3,1,4
2018-09-23,1,7,1,11,0,0,2,1,1,1,16,0,3,1,7,1,5,2,1,0,1,1,0,0,1,2,0,3,4,14,1,11,7,2,1,5,21,0,0,2,3,0,1,20,0,4,1,1,1,1,2,15,2,1,6,1,10,5,1,1,1,5,0,0,19,3,23,0,0,0,0,11,1,0,2,1,1,13,1,1,0,0,1,5,0,0,1,0,14,1,4,0,27,2,0,5,0,4,2,3,1,4
2018-09-30,1,7,1,10,0,0,2,1,1,1,16,0,3,1,7,1,6,2,1,0,1,1,0,0,1,2,0,3,4,14,1,11,8,2,1,5,22,0,0,3,3,0,1,21,0,4,1,1,1,1,3,15,2,1,6,1,9,5,1,1,1,4,0,0,18,3,24,0,0,0,0,11,1,0,2,1,1,12,1,1,0,0,1,5,0,0,1,0,14,1,4,0,27,2,0,5,0,4,2,3,1,4
2018-10-07,1,7,1,10,0,0,2,2,1,0,16,0,3,1,7,1,5,2,1,0,1,1,0,0,1,2,0,3,4,15,1,12,9,2,1,5,21,0,0,3,3,0,1,22,0,4,1,1,1,1,4,14,2,1,6,1,10,5,1,2,1,4,0,0,18,3,26,0,0,0,0,11,1,0,2,1,1,13,1,1,0,0,1,5,0,0,1,0,14,0,4,0,27,4,0,5,0,4,2,3,1,4
2018-10-14,1,7,1,10,0,0,2,2,1,0,16,0,2,1,7,1,5,2,1,0,1,1,0,0,1,2,0,3,4,14,1,11,8,2,1,5,21,0,0,3,3,0,1,23,0,4,1,1,1,1,3,14,2,1,6,1,10,5,1,2,1,4,0,0,19,3,26,0,0,0,0,11,1,1,2,1,1,13,1,1,0,0,1,5,0,0,1,0,15,0,5,0,26,2,0,5,0,4,2,3,1,4
2018-10-21,1,7,1,10,0,0,2,2,1,1,15,0,2,1,7,1,5,2,1,0,1,1,0,0,1,2,0,3,4,14,1,12,8,2,1,5,20,0,0,3,3,0,1,24,0,4,1,1,1,1,3,15,1,1,6,1,9,5,1,2,1,4,0,0,18,3,25,0,0,0,0,11,1,1,2,1,1,14,1,1,0,0,1,5,0,0,1,0,26,0,4,0,26,2,0,5,0,4,1,3,1,4
2018-10-28,1,7,1,10,0,0,2,2,1,0,16,0,2,1,8,1,5,2,1,0,1,1,0,0,1,2,0,3,4,14,1,12,8,2,1,6,20,0,0,2,3,0,1,22,0,4,1,1,1,1,4,14,2,1,6,1,9,5,1,2,1,4,0,0,19,3,26,0,0,0,0,11,1,1,2,1,1,13,1,1,0,0,1,5,0,0,1,0,22,0,4,0,26,2,0,5,0,4,1,3,1,4
2018-11-04,1,7,1,10,0,0,2,2,1,0,15,0,2,1,7,1,4,2,1,0,1,1,0,0,1,2,0,3,4,14,1,11,8,2,1,5,20,0,0,2,3,0,1,28,0,4,1,1,1,1,5,14,2,1,6,1,9,5,1,2,1,4,0,0,18,3,24,0,0,0,0,11,1,0,2,1,1,14,1,1,0,0,1,5,0,0,1,0,13,0,5,0,27,2,0,5,0,4,2,3,1,4
2018-11-11,1,7,1,10,0,0,2,2,1,0,16,0,2,1,7,1,5,1,1,0,1,1,0,0,1,2,0,2,4,14,1,11,8,2,1,6,21,0,0,2,3,0,1,21,0,4,1,1,1,1,6,14,2,1,6,1,10,6,1,2,1,4,0,0,19,3,25,0,0,0,0,11,1,0,2,1,1,15,1,1,0,0,1,5,0,0,1,0,14,0,5,0,29,2,0,5,0,4,1,3,1,4
2018-11-18,1,7,1,10,0,0,1,2,1,0,15,0,3,1,7,1,4,1,1,0,1,0,0,0,0,2,0,2,4,12,1,9,10,2,0,9,21,0,0,2,3,0,1,20,0,4,1,1,1,1,7,13,2,1,7,0,10,5,1,2,1,4,0,0,19,2,30,0,0,0,0,8,1,0,1,1,1,27,2,1,0,0,0,3,0,0,1,0,13,0,5,0,32,2,0,5,0,5,1,3,0,5
2018-11-25,1,7,1,9,0,0,2,2,1,0,17,0,3,1,7,1,5,1,1,0,1,1,0,0,1,2,0,3,4,14,1,10,8,2,1,5,20,0,0,2,3,0,1,19,0,4,1,1,1,1,6,14,2,1,7,1,10,6,1,2,1,4,0,0,18,3,24,0,0,0,0,11,1,0,2,1,1,18,1,1,0,0,1,5,0,0,1,0,14,0,5,0,30,2,0,5,0,5,2,3,1,5
2018-12-02,1,7,1,10,0,0,2,2,1,0,17,1,3,1,8,1,4,2,1,0,1,1,0,0,1,2,0,2,4,15,1,11,9,2,1,5,20,0,0,2,3,0,1,19,0,4,1,1,1,1,8,14,2,1,7,1,9,6,1,2,1,4,0,0,19,3,24,0,0,0,0,11,1,0,2,1,1,15,1,1,0,0,1,5,0,0,1,0,14,1,5,0,28,2,0,5,0,5,2,3,1,4
2018-12-09,1,7,1,10,0,0,2,2,1,1,17,0,3,1,8,1,4,1,1,0,1,1,0,0,1,2,0,2,4,15,1,10,8,2,1,5,21,0,0,2,3,0,1,20,0,4,1,1,1,1,7,14,2,1,7,1,10,6,1,2,1,4,0,0,19,3,25,0,0,0,0,12,1,0,2,1,1,16,1,1,0,0,1,5,0,0,1,0,14,1,5,0,28,1,0,5,0,5,2,3,1,5
2018-12-16,1,7,1,11,0,0,2,3,1,0,16,0,3,1,8,1,4,1,1,0,1,1,0,0,1,2,0,2,4,15,1,12,9,2,0,6,21,0,0,2,3,0,1,20,0,4,1,1,1,1,8,13,2,1,7,1,10,5,1,3,1,4,0,0,19,3,28,0,0,0,0,9,1,0,1,1,1,19,1,1,0,0,0,4,0,0,1,0,14,0,5,0,28,2,0,5,0,5,1,3,0,5
2018-12-23,1,6,1,13,0,0,1,4,0,0,16,1,3,1,8,1,4,1,1,0,1,0,0,0,0,2,0,2,4,13,1,12,11,2,0,7,22,0,0,2,3,0,1,22,0,4,2,1,1,1,12,13,2,1,8,0,10,5,0,4,1,4,0,0,22,2,39,0,0,0,0,7,1,0,1,1,1,20,2,1,0,0,0,3,0,0,1,0,14,0,5,0,31,2,0,6,0,5,1,3,0,5
2018-12-30,1,7,1,13,0,0,2,3,1,0,18,0,3,2,8,1,4,1,1,0,2,0,0,0,0,2,0,3,4,15,1,11,9,2,0,11,21,0,0,2,3,0,1,22,0,4,2,1,1,0,5,14,2,1,7,0,10,5,1,3,1,4,0,0,21,3,33,0,0,0,0,10,1,0,1,1,1,16,2,1,0,0,0,3,0,0,1,0,14,0,6,0,30,2,0,6,0,4,1,3,0,4
2019-01-06,1,7,1,11,0,0,2,3,1,0,16,0,3,2,8,1,4,1,1,0,2,1,0,0,1,2,0,3,4,15,1,11,7,2,1,5,20,0,0,3,3,0,1,20,0,5,1,1,1,1,2,15,2,1,7,1,10,6,1,3,1,4,0,0,19,4,27,0,0,0,0,12,1,0,2,1,1,13,1,1,0,0,1,5,0,0,1,0,14,0,5,0,28,2,0,5,0,4,2,3,1,4
2019-01-13,1,7,1,11,0,0,2,2,1,1,16,0,3,2,8,1,4,2,1,0,1,1,0,0,1,2,0,3,4,15,1,11,7,2,1,5,21,0,0,2,3,0,1,19,0,5,1,1,1,1,2,15,2,1,6,1,10,6,1,2,1,4,0,0,20,4,27,0,0,0,0,12,1,1,2,1,1,13,1,1,0,0,1,5,0,0,1,0,14,0,5,0,30,1,0,5,0,4,2,3,1,4
2019-01-20,1,7,1,11,0,0,2,2,1,0,17,0,3,2,8,1,5,1,1,0,2,1,0,0,1,2,0,3,4,14,1,10,7,2,1,5,21,0,0,2,3,0,1,20,0,4,1,1,1,1,3,15,2,1,6,1,10,5,1,2,1,4,0,0,19,3,26,0,0,0,0,12,1,1,2,1,1,13,1,1,0,0,1,5,0,0,1,0,14,0,5,0,28,1,0,5,0,4,2,3,1,4
2019-01-27,1,7,1,11,0,0,2,2,1,1,17,0,4,2,8,1,5,2,1,0,1,1,0,0,1,2,0,3,4,15,1,12,7,2,1,5,22,0,0,3,3,0,1,19,0,5,1,1,1,1,2,16,2,1,6,1,10,6,1,2,1,4,0,0,19,4,25,0,0,0,0,12,1,1,2,1,1,13,1,1,0,0,1,5,0,0,1,0,14,0,5,0,28,2,0,5,0,4,2,3,1,4
2019-02-03,1,7,1,10,0,0,2,2,1,1,17,0,4,1,8,1,5,2,1,0,1,1,0,0,1,2,0,3,4,14,1,10,7,2,1,5,22,0,0,3,3,0,1,19,0,4,1,1,1,1,2,15,1,1,6,1,10,6,1,2,1,4,0,0,19,4,23,0,0,0,0,12,1,1,2,1,1,13,1,1,0,0,1,5,0,0,1,0,14,0,5,0,27,2,0,5,0,4,2,3,1,4
2019-02-10,1,7,1,13,0,0,2,2,1,1,18,0,4,1,8,1,4,2,1,0,2,1,0,0,1,2,0,3,4,14,1,11,7,2,1,9,21,0,0,3,3,0,1,19,0,4,1,1,1,1,3,15,1,1,6,1,10,6,1,2,1,4,0,0,19,4,26,0,0,0,1,11,1,1,2,1,1,13,1,1,0,0,1,5,0,0,1,0,14,0,5,0,28,1,0,6,0,4,2,3,1,4
2019-02-17,1,7,1,11,0,0,2,2,1,0,18,0,4,1,8,1,4,2,1,0,2,1,0,0,1,2,0,3,4,14,1,10,7,2,1,6,22,0,0,2,3,0,1,19,0,5,1,1,1,1,3,16,2,1,6,1,10,5,1,2,1,4,0,0,20,3,26,0,0,0,0,11,1,0,2,1,1,13,1,1,0,0,1,5,0,0,1,0,14,0,5,0,28,2,0,6,0,5,2,3,1,4
2019-02-24,1,7,1,11,0,0,2,2,1,0,18,0,3,1,8,1,4,2,1,0,2,1,0,0,1,2,0,3,4,14,1,11,7,2,1,5,23,0,0,3,3,0,1,19,0,4,1,1,1,1,2,15,1,1,6,1,10,6,1,2,1,5,0,0,19,4,24,0,0,0,0,11,1,0,2,1,1,13,1,1,0,0,1,5,0,0,1,0,14,1,5,0,28,2,0,6,0,5,1,3,1,4
2019-03-03,1,7,1,11,0,0,2,2,1,0,17,0,3,1,7,1,6,2,1,0,1,1,0,0,1,2,0,3,4,14,1,11,7,2,1,6,23,0,0,2,3,0,1,19,0,5,1,1,1,1,2,16,1,1,6,1,10,6,1,2,1,4,0,0,20,3,24,0,0,0,0,12,1,0,2,1,1,13,1,1,0,0,1,5,0,0,1,0,14,0,5,0,27,2,0,6,0,4,2,3,1,4
2019-03-10,1,7,1,11,0,0,2,2,1,0,17,0,3,1,7,1,5,2,1,0,1,1,0,0,1,2,0,3,4,14,1,12,8,2,1,5,23,0,0,2,3,0,1,21,0,4,1,1,1,1,2,16,1,1,6,1,10,6,1,2,1,4,0,0,20,3,23,0,0,0,0,11,1,0,2,1,1,13,1,1,0,0,0,5,0,0,1,0,15,0,5,0,28,4,0,6,0,4,1,3,1,4
2019-03-17,1,7,1,12,0,0,2,2,1,0,17,0,3,1,7,1,5,2,1,0,1,1,0,0,1,2,0,3,4,13,1,11,8,2,1,6,23,0,0,2,3,0,1,20,0,4,1,1,1,1,2,16,1,1,6,1,10,6,1,2,1,4,0,0,20,3,26,0,0,0,0,11,1,0,2,1,1,13,1,1,0,0,1,5,0,0,1,0,14,0,5,0,29,2,0,6,0,4,1,3,1,4
2019-03-24,1,7,1,11,0,0,2,2,1,0,17,0,3,1,7,1,5,2,1,0,1,1,0,0,1,2,0,3,4,14,1,11,8,2,1,5,24,0,0,2,3,0,1,20,0,4,1,1,1,1,2,16,1,1,6,1,11,6,1,2,1,4,0,0,20,3,28,0,0,0,0,11,1,0,2,1,1,13,1,1,0,0,1,5,0,0,1,0,14,0,5,0,30,2,0,6,0,4,2,3,1,4
2019-03-31,1,7,1,11,0,0,2,2,1,0,18,0,3,1,8,1,5,2,1,0,1,1,0,0,1,2,0,3,4,14,1,12,8,2,1,5,22,0,0,3,3,0,1,20,0,4,1,1,1,1,2,16,1,1,6,1,10,6,1,2,1,5,0,0,21,4,25,0,0,0,0,12,1,0,2,1,1,13,1,1,0,0,0,5,0,0,1,0,14,0,5,0,30,2,0,6,0,4,2,3,1,4
2019-04-07,1,7,1,10,0,0,2,2,1,0,17,0,4,1,7,1,5,2,1,0,1,1,0,0,1,2,0,3,4,14,1,11,8,2,1,5,23,0,0,2,3,0,1,19,0,4,1,1,1,1,2,16,1,1,6,1,10,7,1,2,1,5,0,0,20,3,24,0,0,0,0,12,1,0,2,1,1,13,1,1,0,0,0,5,0,0,1,0,14,0,5,0,30,1,0,7,0,4,2,3,1,4
2019-04-14,1,7,1,11,0,0,2,2,1,0,17,0,3,1,8,1,4,2,1,0,1,1,0,0,1,2,0,3,4,14,1,11,9,2,1,6,22,0,0,2,3,0,1,19,0,4,1,1,1,1,3,16,2,1,6,1,10,7,1,1,1,5,0,0,20,3,24,0,0,0,0,11,1,1,2,1,1,13,1,1,0,0,1,5,0,0,1,0,14,0,5,0,29,1,0,7,0,4,2,3,1,4
2019-04-21,1,7,1,11,0,0,2,2,1,0,16,0,3,1,7,1,5,2,1,0,1,1,0,0,1,2,0,3,4,14,1,12,8,2,1,7,23,0,0,2,3,0,1,19,0,4,1,1,1,1,3,17,1,1,6,1,10,8,1,2,1,5,0,0,20,3,27,0,0,0,0,11,1,1,2,1,1,13,1,1,0,0,1,5,0,0,1,0,14,0,4,0,30,2,0,7,0,4,2,3,1,4
2019-04-28,1,8,1,11,0,0,2,2,1,0,18,0,3,1,8,1,5,2,1,0,1,1,0,0,1,2,0,3,4,15,1,12,8,2,1,5,23,0,0,3,3,0,1,20,0,4,1,1,1,1,2,17,1,1,6,1,10,8,1,2,1,4,0,0,21,4,29,0,0,0,0,11,1,1,2,1,1,13,1,1,0,0,1,5,0,0,1,0,14,1,4,0,31,2,0,7,0,4,2,3,1,4
2019-05-05,1,8,1,12,0,0,2,2,1,0,17,0,2,1,8,1,5,2,1,0,1,1,0,0,1,2,0,3,4,15,1,12,9,2,1,6,22,0,0,3,3,0,1,20,0,4,1,1,1,1,2,17,1,1,6,1,10,8,1,2,1,5,0,0,21,3,26,0,0,0,0,11,1,0,2,1,1,13,1,1,0,0,1,5,0,0,1,0,14,0,4,0,30,2,0,7,0,4,2,3,1,4
2019-05-12,1,8,1,11,0,0,2,3,1,0,17,0,2,1,8,1,4,1,1,0,1,1,0,0,1,3,0,3,4,14,1,12,9,2,1,10,23,0,0,3,3,0,1,20,0,4,1,1,1,1,2,17,1,1,6,1,10,7,1,3,1,4,0,0,21,3,24,0,0,0,0,11,1,0,2,1,1,13,1,1,0,0,0,5,0,0,1,0,14,0,4,0,31,2,0,7,0,4,2,3,1,4
2019-05-19,1,7,1,11,0,0,2,2,1,0,17,0,2,1,8,1,5,1,1,0,1,1,0,0,0,3,0,2,4,14,1,11,8,2,1,5,24,0,0,2,3,0,1,19,0,5,1,1,1,1,3,18,1,1,6,1,10,6,1,2,1,4,0,0,21,3,24,0,0,0,0,11,1,0,2,1,1,13,1,1,0,0,0,4,0,0,1,0,15,0,4,0,31,2,0,7,0,4,2,4,1,4
2019-05-26,1,7,1,11,0,0,2,2,1,0,17,0,2,1,7,1,4,1,1,0,1,0,0,0,0,2,0,3,4,14,1,9,9,2,1,5,25,0,0,2,3,0,1,21,0,5,1,1,1,1,3,19,1,1,6,1,10,6,1,2,1,4,0,0,21,3,28,0,0,0,0,10,1,0,2,1,1,14,2,1,0,0,0,4,0,0,1,0,17,0,5,0,33,2,0,7,0,4,2,4,1,4
2019-06-02,1,7,1,11,0,0,2,2,1,0,18,0,2,1,7,1,5,1,1,0,1,0,0,0,0,2,0,3,4,14,1,10,9,2,1,5,24,0,0,2,3,0,1,20,0,5,1,1,1,1,2,18,1,1,6,1,10,5,1,2,1,4,0,0,21,3,25,0,0,0,0,11,1,0,2,1,1,14,1,1,0,0,0,4,0,0,1,0,20,0,5,0,31,2,0,7,0,4,2,3,1,4
2019-06-09,1,7,1,11,0,0,2,2,1,0,18,0,2,1,7,1,5,1,1,0,1,0,0,0,0,2,0,3,4,14,1,11,8,2,1,5,24,0,0,2,3,0,1,20,0,5,1,1,1,1,2,19,1,1,6,1,10,4,1,2,1,4,0,0,21,3,24,0,0,0,0,11,1,0,2,1,1,14,1,1,0,0,0,4,0,0,1,0,26,0,5,0,31,3,0,7,0,4,2,3,1,4
2019-06-16,1,7,1,12,0,0,2,2,1,0,18,0,2,1,7,1,5,1,1,0,1,0,0,0,1,2,0,3,4,13,1,11,9,2,1,8,24,0,0,3,3,0,1,20,0,5,1,1,1,0,2,18,1,1,8,0,10,4,1,2,1,4,0,0,21,3,26,0,0,0,0,11,1,0,2,1,1,14,2,1,0,0,0,4,0,0,1,0,29,0,5,0,32,2,0,7,0,4,2,3,1,4
2019-06-23,1,7,1,12,0,0,2,2,1,0,18,0,2,1,7,1,5,1,1,0,1,0,0,0,1,2,0,3,4,14,1,10,9,2,1,5,25,0,0,2,3,0,1,20,0,5,1,1,1,0,2,19,1,1,9,1,10,4,1,2,1,4,0,0,23,3,26,0,0,0,0,11,1,0,2,1,1,14,1,1,0,0,0,4,0,0,1,0,33,0,5,0,34,2,0,6,0,4,2,3,0,4
2019-06-30,1,6,1,12,0,0,2,2,1,0,18,0,2,1,7,1,4,1,1,0,1,0,0,0,0,2,0,2,4,13,1,9,9,2,0,6,24,0,0,2,3,0,1,21,0,4,1,1,1,0,3,20,1,1,9,0,10,4,1,2,1,4,0,0,23,3,28,0,0,0,0,9,1,0,1,1,1,14,2,1,0,0,0,4,0,0,2,0,32,0,5,0,37,2,0,6,0,4,2,3,0,4
2019-07-07,1,7,1,12,0,0,2,2,1,0,19,0,2,1,8,1,4,1,1,0,1,0,0,0,0,2,0,3,4,15,1,10,9,2,0,5,25,0,0,3,3,0,1,20,0,5,1,1,1,0,3,20,1,1,8,0,10,4,1,2,1,4,0,0,22,4,25,0,0,0,0,11,1,0,2,1,1,14,1,1,0,0,0,4,0,0,1,0,26,0,5,0,37,2,0,6,0,4,2,3,0,4
2019-07-14,1,7,1,12,0,0,2,2,1,0,18,0,3,1,7,1,4,1,1,0,1,0,0,0,0,2,0,3,4,14,1,10,9,2,0,5,24,0,0,2,3,0,1,21,0,5,1,1,1,0,2,21,1,1,6,1,10,4,1,2,1,5,0,0,22,4,28,0,0,0,0,11,1,1,2,1,1,14,1,1,0,0,0,4,0,0,1,0,14,0,5,0,32,2,0,6,0,4,2,3,0,4
2019-07-21,1,7,1,12,0,0,2,2,1,0,18,0,2,1,8,1,4,1,1,0,1,0,0,0,0,2,0,3,4,14,1,11,8,2,0,5,25,0,0,3,3,0,1,21,0,4,1,1,1,0,2,19,1,1,6,1,10,3,1,2,2,5,0,0,22,4,29,0,0,0,0,11,1,1,2,1,1,14,1,1,0,0,0,4,0,0,1,0,14,0,5,0,32,1,0,6,0,4,2,3,0,4
2019-07-28,1,7,1,12,0,0,2,2,1,0,19,0,2,1,8,1,4,1,1,0,1,0,0,0,0,2,0,3,4,14,1,11,9,2,0,5,26,0,0,3,3,0,1,21,0,4,1,1,1,0,2,19,1,1,6,0,10,3,1,2,1,5,0,0,22,4,26,0,0,0,0,11,1,1,2,1,1,14,2,1,0,0,0,4,0,0,1,0,14,0,5,0,31,2,0,6,0,4,2,3,0,4
2019-08-04,1,7,1,12,0,0,2,3,1,0,19,0,2,1,7,1,4,1,1,0,1,0,0,0,0,2,0,2,4,15,1,12,9,2,0,5,24,0,0,4,3,0,1,20,0,4,1,1,1,0,2,18,1,1,7,1,10,3,1,3,1,4,0,0,21,4,24,0,0,0,0,11,1,1,2,1,1,14,2,1,0,0,0,4,0,0,1,0,13,0,5,0,30,1,0,6,0,4,2,3,0,4
2019-08-11,1,7,1,12,0,0,2,3,1,0,18,0,2,1,8,1,4,1,1,0,1,1,0,0,1,2,0,3,4,15,1,12,9,2,0,5,24,0,0,4,3,0,1,20,0,4,1,1,1,0,2,17,1,1,7,1,10,4,1,3,1,4,0,0,21,4,25,0,0,0,0,11,1,0,2,1,1,14,2,1,0,0,0,4,0,0,1,0,14,0,6,0,31,2,0,6,0,4,3,3,0,4
2019-08-18,1,7,1,11,0,0,2,3,1,0,18,0,2,1,7,1,5,1,1,0,1,0,0,0,0,2,0,3,4,15,1,11,9,2,0,5,24,0,0,4,3,0,1,20,0,4,1,1,1,0,2,17,1,1,7,1,10,4,1,3,1,4,0,0,21,4,24,0,0,0,0,12,1,0,2,1,1,14,1,1,0,0,0,4,0,0,1,0,14,0,5,0,30,2,0,6,0,4,4,3,1,4
2019-08-25,1,7,1,11,0,0,2,3,1,0,17,0,2,1,7,1,4,1,1,0,1,1,0,0,0,2,0,2,4,14,1,10,8,2,0,5,23,0,0,3,3,0,1,19,0,4,1,1,1,1,2,16,1,1,6,1,9,4,1,3,1,4,0,0,20,4,22,0,0,0,0,11,1,0,2,1,1,14,1,1,0,0,0,4,0,0,1,0,14,0,5,0,30,2,0,6,0,4,7,3,1,4
2019-09-01,1,7,1,11,0,0,2,2,1,0,17,0,2,1,7,1,4,1,1,0,1,1,0,0,1,2,0,2,4,14,1,9,8,2,0,5,24,0,0,2,3,0,1,18,0,4,1,1,1,1,3,15,1,1,6,1,9,4,1,2,1,4,0,0,20,3,24,0,0,0,0,10,1,0,2,1,1,13,2,1,0,0,0,4,0,0,1,0,14,0,5,0,30,2,0,5,0,4,10,3,1,4
2019-09-08,1,7,1,10,0,0,2,2,1,0,17,0,3,1,10,1,5,1,1,0,1,1,0,0,1,2,0,2,4,14,1,11,8,2,1,5,22,0,0,3,3,0,1,19,0,4,1,1,1,1,2,15,1,1,6,1,9,5,1,2,1,4,0,0,19,4,23,0,0,0,0,12,1,0,2,1,1,12,1,1,0,0,1,5,0,0,1,0,14,0,4,0,29,2,0,5,0,4,2,3,1,4
2019-09-15,1,7,1,10,0,0,2,2,1,1,16,0,3,1,8,1,5,1,1,0,1,1,0,0,1,2,0,3,4,13,1,10,8,2,1,5,23,0,0,2,3,0,1,19,0,4,1,1,1,1,2,15,1,1,6,1,10,5,1,2,1,4,0,0,20,3,22,0,0,0,0,12,1,0,2,1,1,13,1,1,0,0,1,5,0,0,1,0,14,0,5,0,29,2,0,5,0,4,2,3,1,4
2019-09-22,1,7,1,10,0,0,2,2,1,0,16,0,3,1,7,1,5,2,1,0,1,1,0,0,1,2,0,3,4,14,1,10,8,2,1,5,22,0,0,2,3,0,1,19,0,4,1,1,1,1,2,15,1,1,6,1,9,4,1,2,1,4,0,0,20,3,22,0,0,0,0,12,1,0,2,1,1,12,1,1,0,0,1,5,0,0,1,0,14,0,4,0,28,1,0,5,0,4,2,3,1,4
2019-09-29,1,7,1,10,0,0,2,2,1,0,18,0,3,1,7,1,6,2,1,0,1,1,0,0,1,2,0,3,4,14,1,10,8,2,1,5,22,0,0,3,3,0,1,19,0,4,1,1,1,1,3,15,1,1,6,1,9,5,1,2,1,4,0,0,20,4,24,0,0,0,0,12,1,0,2,1,1,13,1,1,0,0,1,5,0,0,1,0,14,0,5,0,28,2,0,5,0,4,2,3,1,4
2019-10-06,1,7,1,10,0,0,2,2,1,0,17,0,3,1,7,1,5,1,1,0,1,1,0,0,1,2,0,3,4,14,1,9,8,2,1,5,21,0,0,3,3,0,1,20,0,4,1,1,1,1,3,15,1,1,6,1,9,5,1,2,1,4,0,0,20,3,25,0,0,0,0,12,1,0,2,1,1,12,1,1,0,0,1,5,0,0,1,0,14,0,4,0,28,2,0,5,0,4,2,3,1,4
2019-10-13,1,8,1,11,0,0,2,2,1,0,17,0,3,1,7,1,5,1,1,0,1,1,0,0,1,2,0,3,4,14,1,9,8,2,1,5,21,0,0,3,3,0,1,21,0,4,1,1,1,1,4,15,1,1,6,1,9,5,1,2,1,4,0,0,21,3,25,0,0,0,0,12,1,1,2,1,1,12,2,1,0,0,1,5,0,0,1,0,15,0,5,0,28,2,0,5,0,4,2,3,1,4
2019-10-20,1,7,1,10,0,0,2,2,1,0,16,0,3,1,7,1,5,1,1,0,1,1,0,0,1,2,0,3,4,14,1,10,7,2,1,5,21,0,0,3,3,0,1,21,0,4,1,1,1,1,3,14,1,1,6,1,9,5,1,2,1,4,0,0,20,3,25,0,0,0,0,11,1,1,2,1,1,12,1,1,0,0,1,5,0,0,1,0,23,0,5,0,29,2,0,5,0,4,1,3,1,4
2019-10-27,1,7,1,10,0,0,2,2,1,0,17,0,3,1,7,1,5,1,1,0,1,1,0,0,1,2,0,3,4,14,1,11,7,2,1,6,21,0,0,3,3,0,1,21,0,4,1,1,1,1,3,14,1,1,6,1,9,5,1,2,1,4,0,0,19,3,26,0,0,0,0,12,1,1,2,1,1,12,1,1,0,0,1,5,0,0,1,0,32,0,4,0,28,2,0,5,0,4,1,3,1,4
2019-11-03,1,7,1,11,0,0,2,2,1,0,17,0,3,1,7,1,5,2,1,0,1,1,0,0,1,2,0,3,4,14,1,11,8,2,1,5,21,0,0,3,3,0,1,19,0,4,1,1,1,1,5,15,1,1,6,1,9,5,1,2,1,4,0,0,21,3,24,0,0,0,0,12,1,1,2,1,1,14,1,1,0,0,1,5,0,0,1,0,14,0,5,0,29,2,0,5,0,4,1,3,1,4
2019-11-10,1,7,1,10,0,0,2,2,1,0,17,0,3,1,7,1,4,1,1,0,1,1,0,0,1,2,0,2,4,14,1,10,8,2,1,5,20,0,0,3,3,0,1,18,0,4,1,1,1,1,5,14,1,1,6,1,9,5,1,2,1,4,0,0,19,3,26,0,0,0,0,12,1,0,2,1,1,14,1,1,0,0,1,5,0,0,1,0,14,0,5,0,29,1,0,5,0,4,1,3,1,4
2019-11-17,1,7,1,10,0,0,2,2,1,0,16,0,3,1,7,1,5,2,1,0,1,1,0,0,1,2,0,3,4,14,1,11,8,2,1,5,22,0,0,3,3,0,1,18,0,4,1,1,1,1,5,14,1,1,6,1,9,5,1,2,1,4,0,0,20,3,26,0,0,0,0,12,1,0,2,1,1,15,2,1,0,0,1,5,0,0,1,0,13,0,5,0,30,1,0,5,0,4,1,3,1,4
2019-11-24,1,7,1,10,0,0,1,1,1,0,16,0,3,1,7,1,4,1,1,0,1,0,0,0,0,2,0,2,4,11,1,9,9,2,1,8,21,0,0,2,3,0,1,17,0,4,1,1,1,1,7,13,1,1,7,0,9,4,1,1,1,4,0,0,20,3,30,0,0,0,0,9,1,0,1,1,1,26,2,1,0,0,0,3,0,0,1,0,12,0,5,0,33,1,0,5,0,4,1,3,0,5
2019-12-01,1,7,1,9,0,0,2,2,1,0,18,0,3,1,8,1,4,1,1,0,2,1,0,0,1,2,0,2,4,14,1,10,7,2,1,5,20,0,0,3,3,0,1,18,0,4,1,1,1,1,7,14,1,1,7,1,9,5,1,2,1,4,0,0,19,3,23,0,0,0,0,11,1,0,2,1,1,18,1,1,0,0,1,5,0,0,1,0,13,0,5,0,31,2,0,5,0,4,1,3,1,5
2019-12-08,1,7,1,10,0,0,2,2,1,0,16,0,3,1,7,1,4,1,1,0,2,1,0,0,1,2,0,2,4,14,1,10,8,2,2,5,21,0,0,3,3,0,1,19,0,4,1,1,1,1,7,14,1,1,7,1,8,5,1,2,1,4,0,0,19,3,24,0,0,0,0,11,1,0,2,1,1,16,1,1,1,0,1,5,0,0,1,0,16,0,5,0,29,1,0,5,0,4,1,3,1,5
2019-12-15,1,7,1,10,0,0,2,2,1,0,16,0,3,1,7,1,4,1,1,0,2,1,0,0,0,2,0,2,4,15,1,10,8,2,1,5,22,0,0,3,3,0,1,20,0,4,1,1,1,1,8,13,1,1,7,0,9,5,1,2,1,4,0,0,19,3,26,0,0,0,0,10,1,0,1,1,1,18,2,1,0,0,1,4,0,0,1,0,13,0,5,0,29,2,0,5,0,4,1,3,0,5
2019-12-22,1,7,1,12,0,0,1,1,0,0,16,0,3,1,7,1,4,1,1,0,1,0,0,0,0,2,0,2,4,12,1,9,10,2,0,6,23,0,0,2,3,0,1,21,0,4,1,1,1,1,30,13,1,1,7,0,9,4,0,1,1,4,0,0,24,3,36,0,0,0,0,7,1,0,1,1,1,20,2,1,0,0,0,3,0,0,1,0,13,0,5,0,32,2,0,6,0,4,1,3,0,5
2019-12-29,1,7,1,13,0,0,2,2,1,0,18,0,3,1,8,1,5,1,1,0,2,0,0,0,0,2,0,3,4,13,1,10,8,2,0,10,23,0,0,3,3,0,1,21,0,4,1,1,1,0,5,14,1,1,7,0,10,10,1,2,1,4,0,0,22,3,31,0,0,0,0,10,1,0,1,1,1,16,2,1,0,0,0,3,0,0,1,0,17,0,6,0,32,2,0,6,0,4,1,3,0,5
2020-01-05,1,7,1,10,0,0,2,2,1,0,17,0,3,2,8,1,5,1,1,0,2,1,0,0,1,2,0,3,4,15,1,12,7,2,1,5,22,0,0,3,3,0,1,19,0,5,1,1,1,1,3,15,1,1,7,1,10,10,1,2,1,4,0,0,20,4,25,0,0,0,0,12,1,0,2,1,1,13,2,1,0,0,1,5,0,0,1,0,15,0,5,0,29,3,0,5,0,4,2,3,1,4
2020-01-12,1,7,1,11,0,0,2,2,1,0,17,0,3,1,8,1,5,1,1,0,2,1,0,0,1,2,0,3,4,14,1,12,7,2,1,5,22,0,0,3,3,0,1,19,0,5,1,1,1,1,3,15,1,1,6,1,9,5,1,2,1,4,0,0,20,4,24,0,0,0,0,12,1,0,2,1,1,13,1,1,1,0,1,5,0,0,1,0,13,0,5,0,29,2,0,5,0,4,2,3,1,4
2020-01-19,1,7,1,12,0,0,2,2,1,0,17,0,4,2,8,1,5,1,1,0,2,1,0,0,1,2,0,3,4,14,1,11,8,2,1,5,22,0,0,3,3,0,1,19,0,5,1,1,1,1,3,15,1,1,6,1,10,5,1,2,1,4,0,0,20,4,26,0,0,0,0,12,1,1,2,1,1,13,2,1,0,0,1,5,0,0,1,0,14,0,5,0,29,2,0,5,0,4,1,3,1,4
2020-01-26,1,7,1,10,0,0,2,2,1,0,17,0,4,1,8,1,5,2,1,0,1,1,0,0,1,2,0,3,4,14,1,13,8,2,1,4,22,0,0,3,3,0,1,19,0,5,1,1,1,1,2,15,1,1,6,1,9,5,1,2,1,4,0,0,20,4,22,0,0,0,0,12,1,1,2,1,1,13,1,1,0,0,1,5,0,0,1,0,14,0,5,0,28,13,0,5,0,3,2,3,1,4
2020-02-02,1,7,1,10,0,0,2,2,1,0,18,0,4,1,8,1,5,2,1,0,2,1,0,0,1,2,0,3,4,14,1,16,8,2,1,4,22,0,0,3,3,0,1,19,0,5,1,1,1,1,2,15,1,1,6,1,9,5,1,2,1,4,0,0,20,4,22,0,0,0,0,12,1,1,2,1,1,13,1,1,0,0,1,5,0,0,2,0,13,0,5,0,27,2,0,5,0,3,2,3,1,4
2020-02-09,1,7,1,12,0,0,2,2,1,0,18,0,4,1,8,1,5,2,1,0,2,1,0,0,1,2,0,3,4,14,1,14,8,2,1,7,22,0,0,3,3,0,1,19,0,4,1,1,1,1,3,15,1,1,6,1,9,5,1,2,1,5,0,0,20,4,27,0,0,0,0,12,1,1,2,1,1,13,2,1,0,0,1,5,0,0,1,0,14,0,5,0,29,2,0,6,0,4,2,3,1,4
2020-02-16,1,8,1,12,0,0,2,2,1,0,18,0,4,1,8,1,5,2,1,0,2,1,0,0,1,2,0,3,4,14,1,13,8,2,1,5,24,0,0,3,3,0,1,20,0,4,1,1,1,1,3,16,1,1,7,1,9,5,1,2,1,4,0,0,21,4,26,0,0,0,0,12,1,1,2,1,1,13,1,1,0,0,1,5,0,0,1,0,14,0,5,0,30,4,0,6,0,4,2,3,1,4
2020-02-23,1,7,2,11,0,0,2,7,1,0,18,1,4,1,8,1,5,2,1,0,1,1,0,0,1,2,0,3,4,14,1,21,12,2,1,4,23,0,0,4,3,0,1,19,0,6,1,1,1,1,2,17,1,1,7,1,10,5,1,7,1,4,0,0,21,4,23,0,0,0,0,12,1,1,2,1,1,13,2,1,0,0,1,5,0,0,1,0,14,0,5,0,29,3,0,6,0,3,1,3,1,4
2020-03-01,1,8,2,10,0,0,2,7,1,0,18,1,3,1,8,1,4,2,1,0,1,1,0,0,1,2,0,3,4,14,1,20,11,2,1,4,22,0,0,4,3,0,1,19,0,7,1,1,1,1,2,16,1,1,7,1,10,5,1,7,1,4,0,0,20,4,21,0,0,0,0,13,1,0,2,1,1,13,2,1,0,0,1,5,0,0,1,1,14,0,5,0,29,2,0,6,0,3,1,3,1,4
2020-03-08,1,7,4,9,0,0,2,13,1,0,16,1,3,2,8,1,4,1,1,0,1,1,0,0,1,2,0,2,4,14,1,34,17,2,1,4,21,1,0,6,3,1,1,17,0,11,1,1,1,1,2,16,1,2,7,1,12,5,1,13,1,4,0,0,20,3,23,0,0,0,0,15,1,0,1,1,1,14,2,1,0,0,1,5,0,0,1,1,17,0,4,0,30,2,0,5,0,3,1,3,1,3
2020-03-15,1,6,4,8,0,0,2,13,1,0,15,1,3,12,10,1,3,1,1,0,1,1,0,0,0,2,0,2,4,16,1,35,17,2,1,4,16,1,0,5,3,1,2,18,0,8,1,1,1,1,1,15,1,2,6,0,10,5,1,13,1,4,0,0,20,4,24,0,0,0,0,17,1,0,1,1,1,17,2,1,0,0,0,4,0,0,1,1,17,0,4,0,38,2,0,5,0,2,1,3,1,3
2020-03-22,1,7,3,6,0,0,2,10,1,0,15,1,3,22,10,1,3,1,1,0,1,1,0,0,1,2,0,2,4,15,1,31,13,1,1,4,15,1,0,5,3,1,1,19,0,4,1,1,1,1,1,15,1,2,6,0,10,5,1,10,1,4,0,0,20,3,24,0,0,0,0,16,1,0,1,1,1,16,2,1,0,0,0,4,0,0,1,1,17,0,4,0,46,1,0,6,0,2,2,3,1,3
2020-03-29,1,8,2,6,0,0,2,7,1,0,16,1,4,29,10,1,3,2,1,0,1,1,0,0,1,2,0,2,4,15,1,25,11,2,1,4,15,0,0,4,3,0,1,18,0,4,1,1,1,1,1,16,1,2,6,0,11,6,1,7,1,4,0,0,20,3,23,0,0,0,0,15,1,0,1,1,1,16,2,1,0,0,0,4,0,0,1,1,17,0,4,0,45,1,0,6,0,2,2,3,1,3
2020-04-05,1,8,2,6,0,0,2,6,1,0,15,1,3,27,11,1,3,2,1,0,1,1,0,0,1,2,0,3,4,14,1,23,12,2,1,5,15,0,0,4,3,0,1,19,0,4,1,1,1,1,2,17,1,2,6,0,11,6,1,6,1,4,0,0,20,3,24,0,0,0,0,14,1,0,1,1,1,16,2,1,0,0,1,4,0,0,1,1,17,0,5,0,41,1,0,7,0,2,2,3,1,4
2020-04-12,1,8,2,6,0,0,2,6,1,0,19,1,4,27,13,1,3,2,1,0,1,1,0,0,1,2,0,3,4,14,1,22,10,3,1,7,16,0,0,4,3,1,1,19,0,3,1,1,1,1,1,16,1,1,6,0,11,6,1,5,1,4,0,0,21,4,24,0,0,0,0,13,1,1,1,1,1,17,2,1,0,0,1,5,0,0,1,1,17,0,5,0,43,1,0,7,0,2,2,3,1,4
2020-04-19,1,8,3,6,0,0,2,5,1,0,15,1,3,25,11,1,3,2,1,0,1,1,0,0,1,2,0,3,4,13,1,22,10,2,1,5,17,0,0,4,3,1,1,20,0,4,1,1,1,1,1,17,1,1,7,1,16,6,1,5,1,4,0,0,20,3,22,0,0,0,0,12,1,1,1,1,1,17,2,1,0,0,1,5,0,0,1,1,16,0,5,0,43,1,0,8,0,2,2,3,1,4
2020-04-26,1,8,2,7,0,0,2,4,1,0,16,1,3,23,11,1,4,2,1,0,1,1,0,0,1,2,0,3,4,13,1,23,10,2,1,5,19,0,0,4,3,1,1,21,0,3,1,1,1,1,1,18,1,1,7,1,12,6,1,4,1,4,0,0,20,3,21,0,0,0,0,12,1,1,1,1,1,17,2,1,0,0,1,5,0,0,1,1,15,0,5,0,45,1,0,8,0,2,3,3,1,4
2020-05-03,1,8,2,8,0,0,2,4,1,0,16,0,3,20,10,1,3,2,1,0,1,1,0,0,1,2,0,4,4,14,1,21,10,2,1,6,20,0,0,4,3,0,1,20,0,4,1,1,1,1,1,18,1,1,7,1,11,7,1,4,1,4,0,0,21,3,22,0,0,0,0,12,1,1,1,1,1,18,2,1,0,0,1,4,0,0,1,1,14,1,5,0,44,1,0,9,0,2,2,3,1,4
2020-05-10,1,8,2,8,0,0,2,4,1,0,16,0,3,19,10,1,3,2,1,0,1,1,0,0,1,2,0,3,4,13,1,20,9,2,1,10,20,0,0,4,3,0,1,22,0,4,1,1,1,1,2,18,1,1,7,1,11,6,1,4,1,4,0,0,20,3,22,0,0,0,0,12,1,1,1,1,1,17,2,1,0,0,1,4,0,0,1,1,14,0,5,0,42,1,0,9,0,2,2,3,1,4
2020-05-17,1,8,2,8,0,0,2,4,1,0,16,0,3,19,9,1,4,2,1,0,1,0,0,0,0,2,0,3,4,13,1,21,9,1,1,5,22,0,0,4,3,0,1,22,0,4,1,1,1,1,2,19,1,1,7,1,11,5,1,4,1,4,0,0,20,3,22,0,0,0,0,12,1,1,1,1,1,18,2,1,0,0,0,4,0,0,1,1,14,0,6,0,43,2,0,8,0,2,2,3,1,4
2020-05-24,1,8,2,8,0,0,2,4,1,0,15,0,3,18,8,1,3,1,1,0,1,0,0,0,0,2,0,3,4,13,1,18,9,2,1,5,23,0,0,3,3,0,1,23,0,4,1,1,1,1,2,19,1,1,6,0,10,6,1,3,1,4,0,0,20,3,22,0,0,0,0,11,2,0,1,1,1,17,2,1,0,0,0,4,0,0,2,0,14,0,5,0,41,1,0,8,0,2,2,3,0,4
2020-05-31,1,8,2,8,0,0,2,4,1,0,16,0,3,16,8,1,3,1,1,0,1,0,0,0,0,2,0,3,4,14,1,22,9,2,1,4,22,0,0,4,3,0,1,23,0,4,1,1,1,1,2,18,1,1,6,0,10,5,1,4,1,4,0,0,20,3,20,0,0,0,0,11,1,0,1,1,1,17,2,1,0,0,1,4,0,0,2,1,13,0,5,0,37,1,0,7,0,2,2,2,0,4
2020-06-07,1,9,3,9,0,0,2,5,1,0,16,0,3,15,8,1,4,1,1,0,1,0,0,0,1,2,0,3,4,13,1,26,10,1,1,4,25,1,0,4,3,1,1,23,0,4,1,1,1,1,2,19,1,1,6,0,11,5,1,5,1,4,0,0,20,3,21,0,0,0,0,12,1,0,1,1,1,17,2,1,0,0,1,4,0,0,1,1,13,0,5,0,38,1,0,8,0,2,2,3,0,4
2020-06-14,1,8,2,10,0,0,2,5,1,0,16,0,3,15,8,1,4,1,1,0,1,1,0,0,0,2,0,3,4,13,1,21,10,1,1,5,25,0,0,4,3,0,1,22,0,4,1,1,1,1,3,20,1,1,6,0,10,5,1,5,1,4,0,0,21,3,21,0,0,0,0,12,1,0,1,1,1,17,2,1,0,0,1,4,0,0,1,1,13,0,5,0,38,1,0,7,0,2,2,3,0,4
2020-06-21,1,8,2,10,0,0,2,4,1,0,16,0,3,15,8,1,4,1,1,0,1,0,0,0,0,2,0,3,4,13,1,20,10,2,1,7,25,0,0,3,3,0,1,22,0,5,1,1,1,1,2,19,1,1,6,0,10,4,1,4,1,4,0,0,21,3,22,0,0,0,0,12,1,0,1,1,1,16,2,1,0,0,1,4,0,0,1,1,13,0,5,0,37,2,0,7,0,3,2,3,0,4
2020-06-28,1,8,1,10,0,0,2,4,1,0,17,0,3,15,8,1,4,1,1,0,1,0,0,0,1,2,0,3,4,13,1,19,10,2,1,6,25,0,0,3,3,0,1,22,0,6,1,1,1,0,3,20,1,1,6,0,10,4,1,4,1,4,0,0,21,3,23,0,0,0,0,12,1,0,1,1,1,17,2,1,0,0,1,4,0,0,1,0,13,0,6,0,39,1,0,7,0,2,2,3,0,4
2020-07-05,1,8,2,9,0,0,2,4,1,0,17,0,3,16,8,1,4,1,1,0,1,0,0,0,1,2,0,3,4,14,1,20,9,2,1,5,25,0,0,3,3,0,1,23,0,5,1,1,1,1,2,20,1,1,6,0,10,4,1,4,1,4,0,0,21,3,22,0,0,0,0,13,1,1,1,1,1,16,2,1,0,0,1,4,0,0,1,1,14,0,5,0,37,2,0,7,0,2,2,3,0,4
2020-07-12,1,8,2,9,0,0,2,4,1,0,16,0,4,15,8,1,4,1,1,0,1,0,0,0,1,2,0,3,4,14,1,21,9,2,0,4,24,0,0,3,3,0,1,22,0,5,1,1,1,1,2,19,1,1,7,0,10,4,1,4,1,4,0,0,20,3,21,0,0,0,0,13,1,1,1,1,1,16,2,1,0,0,1,4,0,0,1,0,13,0,5,0,36,1,0,7,0,2,2,3,0,4
2020-07-19,1,8,2,10,0,0,2,3,1,0,15,0,3,16,8,1,4,1,1,0,1,0,0,0,1,2,0,3,4,13,1,20,9,1,0,4,24,0,0,3,3,0,1,22,0,5,1,1,1,1,2,19,1,1,7,0,10,4,0,3,1,4,0,0,22,3,21,0,0,0,0,13,1,1,1,1,1,16,2,1,0,0,1,4,0,0,1,0,13,0,5,0,36,1,0,6,0,2,3,3,0,4
2020-07-26,1,8,2,9,0,0,2,3,1,0,15,0,3,15,8,1,4,1,1,0,1,0,0,0,1,2,0,3,4,14,1,21,9,2,0,5,24,0,0,3,3,1,1,22,0,5,1,1,1,1,2,19,1,1,8,1,10,4,1,3,1,4,0,0,22,3,21,0,0,0,0,13,1,1,1,1,2,17,2,1,0,0,1,4,0,0,1,0,12,0,6,0,36,1,0,6,0,3,2,3,0,4
2020-08-02,1,8,2,9,0,0,2,3,1,0,16,0,3,15,8,1,4,1,1,0,1,0,0,0,0,2,0,3,4,14,1,21,9,1,0,4,24,0,0,3,3,1,1,22,0,5,1,1,1,0,2,18,1,1,8,0,10,4,0,3,1,4,0,0,22,3,20,0,0,0,0,13,1,1,1,1,1,16,2,1,0,0,1,4,0,0,1,1,13,0,5,0,35,2,0,6,0,2,3,3,0,4
2020-08-09,1,8,2,9,0,0,2,3,1,0,15,0,3,15,8,1,4,1,1,0,1,0,0,0,1,2,0,3,4,14,1,20,9,1,0,4,22,0,0,3,3,0,1,24,0,5,1,1,1,0,2,18,1,1,7,0,9,4,1,3,1,4,0,0,22,3,20,0,0,0,0,12,2,1,1,1,2,16,2,1,0,0,1,4,0,0,1,0,12,0,5,0,35,1,0,6,0,3,3,3,0,4
2020-08-16,1,8,2,9,0,0,2,3,1,0,14,0,3,13,8,1,4,1,1,0,1,0,0,0,0,2,0,3,4,15,1,20,8,1,0,4,22,0,0,3,3,0,1,22,0,4,1,1,1,1,2,18,1,1,7,1,9,4,1,3,1,4,0,0,21,3,20,0,0,0,0,12,2,1,1,1,1,16,2,1,0,0,1,4,0,0,1,0,12,0,5,0,34,1,0,6,0,3,4,3,0,4
2020-08-23,1,8,2,9,0,0,2,3,1,0,14,0,3,13,8,1,5,1,1,0,1,1,0,0,1,2,0,3,4,14,1,20,8,1,0,4,22,0,0,3,3,0,1,21,0,4,1,1,1,1,2,17,1,1,7,1,9,5,1,3,1,4,0,0,20,3,20,0,0,0,0,12,1,0,1,1,1,15,2,1,0,0,1,4,0,0,1,0,13,0,5,0,33,1,0,6,0,2,5,3,1,4
2020-08-30,1,8,2,9,0,0,2,4,1,1,15,0,3,13,8,1,5,2,1,0,1,1,0,0,1,2,0,3,4,14,1,23,9,2,0,5,22,1,0,3,3,1,1,21,0,4,1,1,1,1,2,17,1,1,7,1,9,5,1,3,1,4,0,0,22,3,20,0,0,0,0,12,1,1,1,1,1,16,2,1,0,0,1,4,0,0,1,0,13,1,5,0,33,1,0,6,0,3,8,3,1,4
2020-09-06,1,8,1,10,0,0,2,3,1,1,14,0,3,13,8,1,4,2,1,0,1,1,0,0,1,2,0,3,4,13,1,17,9,1,0,5,21,0,0,3,3,0,1,21,0,4,1,1,1,1,3,17,1,1,6,1,9,5,1,3,1,4,0,0,21,3,22,0,0,0,0,12,1,0,1,1,1,15,2,1,0,0,1,4,0,0,1,0,14,1,5,0,33,2,0,6,0,3,13,3,1,4
2020-09-13,1,8,1,9,0,0,2,3,1,1,14,0,3,12,8,1,4,2,1,0,1,1,0,0,1,2,0,3,4,13,1,18,8,1,0,5,20,0,0,3,3,0,1,20,0,4,1,1,1,1,2,17,1,1,6,1,9,6,1,3,1,4,0,0,20,3,20,0,0,0,0,12,1,0,1,2,1,15,2,1,0,0,1,5,0,0,1,0,13,1,5,0,31,1,0,5,0,3,2,3,1,4
2020-09-20,1,9,1,9,0,0,2,3,1,1,14,0,3,10,8,1,4,2,1,0,1,1,0,0,1,2,0,3,4,13,1,17,8,1,1,5,21,0,0,3,3,0,1,21,0,4,1,1,1,1,2,17,2,1,6,1,9,5,1,3,1,4,0,0,20,3,19,0,0,0,0,12,1,0,1,2,1,14,2,1,0,0,1,5,0,0,1,0,13,1,5,0,33,2,0,5,0,3,2,3,1,4
2020-09-27,1,8,1,9,0,0,2,3,1,0,15,0,3,10,8,1,4,2,1,0,1,1,0,0,1,2,0,3,4,13,1,16,8,2,1,5,21,0,0,3,3,0,1,21,0,4,1,1,1,1,2,16,1,1,6,1,9,5,1,3,1,4,0,0,21,3,19,0,0,0,0,13,1,0,1,1,1,14,2,1,0,0,1,5,0,0,1,0,13,1,5,0,32,2,0,6,0,3,2,3,1,4
2020-10-04,1,8,1,9,0,0,2,3,1,0,15,0,3,10,8,1,5,2,1,0,1,1,0,0,1,2,0,3,4,13,1,16,9,1,0,5,22,0,0,3,3,0,1,23,0,4,1,1,1,1,3,16,1,1,6,1,9,5,1,3,1,4,0,0,21,3,20,0,0,0,0,14,1,0,1,1,1,14,2,1,0,0,1,5,0,0,1,0,13,1,5,0,32,2,0,5,0,3,2,3,1,4
2020-10-11,1,8,1,10,0,0,2,3,1,0,16,0,3,10,8,1,4,2,1,0,1,1,0,0,1,2,0,3,4,13,1,17,9,2,0,5,22,0,0,3,3,0,1,23,0,4,1,1,1,1,3,16,1,1,6,0,9,6,1,3,1,4,0,0,21,3,22,0,0,0,0,13,1,1,1,1,1,15,2,1,0,0,1,5,0,0,1,0,13,0,5,0,33,1,0,6,0,3,2,3,1,5
2020-10-18,1,8,1,9,0,0,2,3,1,0,15,0,3,9,8,1,5,1,1,0,1,1,0,0,1,2,0,3,4,13,1,16,8,1,0,5,22,0,0,3,3,0,1,22,0,4,1,1,1,1,2,15,1,1,6,1,10,5,1,3,1,4,0,0,21,3,23,0,0,0,0,12,1,1,1,1,1,15,2,1,0,0,1,5,0,0,1,0,18,0,5,0,32,1,0,5,0,3,2,3,1,4
2020-10-25,1,8,1,9,0,0,2,4,1,0,15,0,3,8,7,1,4,2,1,0,1,1,0,0,1,2,0,3,4,13,1,17,8,2,1,5,21,0,0,3,3,0,1,22,0,4,1,1,1,1,3,15,1,1,6,1,9,5,1,4,1,4,0,0,21,3,25,0,0,0,0,13,1,1,1,1,1,15,2,1,0,0,1,5,0,0,1,0,18,0,5,0,32,1,0,5,0,3,2,3,1,4
2020-11-01,1,7,1,7,0,0,1,4,1,0,13,0,2,7,6,1,3,1,1,0,1,1,0,0,0,2,0,2,3,11,1,15,7,1,0,4,17,0,0,3,2,0,1,21,0,3,1,1,1,1,3,12,1,1,5,0,7,5,1,3,1,3,0,0,17,3,18,0,0,0,0,11,1,0,1,1,1,13,1,1,0,0,2,4,0,0,1,0,10,0,4,0,27,1,0,4,0,2,1,2,0,4
2020-11-08,1,11,2,9,0,0,2,4,1,0,15,0,3,8,8,1,4,1,1,0,1,1,0,0,1,2,0,3,4,12,1,22,9,1,0,5,20,0,0,3,3,0,1,22,0,5,1,1,1,1,4,15,1,1,7,0,9,9,1,4,1,4,0,0,20,3,21,0,0,0,0,13,1,1,1,1,1,21,2,1,0,0,2,5,0,0,1,0,12,0,5,0,34,1,0,5,0,3,2,2,1,4
2020-11-15,1,8,1,9,0,0,2,4,1,0,15,0,3,8,8,1,4,1,1,0,1,1,0,0,1,2,0,3,4,12,1,21,9,1,1,5,20,0,0,3,3,0,1,20,0,5,1,1,1,1,5,15,1,1,7,0,9,10,1,3,1,4,0,0,21,3,21,0,0,0,0,15,1,1,1,1,1,20,2,1,0,0,1,5,0,0,1,1,12,0,6,0,35,1,0,5,0,3,2,2,1,5
2020-11-22,1,8,2,8,0,0,1,3,0,0,14,0,3,7,7,1,3,1,1,0,1,0,0,0,0,2,0,2,4,10,1,20,10,1,0,8,20,0,0,3,3,0,1,20,0,4,1,1,0,1,6,14,1,1,7,0,9,8,0,3,1,4,0,0,21,2,24,0,0,0,0,10,1,0,1,1,1,29,2,1,0,0,1,3,0,0,1,0,12,0,6,0,39,1,0,5,0,3,1,2,0,5
2020-11-29,1,8,2,7,0,0,2,3,1,0,16,0,3,10,8,1,4,1,1,0,1,1,0,0,1,2,0,3,4,13,1,22,8,2,0,4,20,0,0,3,3,0,1,20,0,4,1,1,1,1,6,15,1,1,8,0,9,7,1,3,1,4,0,0,19,3,21,0,0,0,0,13,1,0,1,1,1,23,2,1,0,0,0,5,0,0,1,1,12,0,6,0,37,2,0,4,0,3,2,2,1,5
